"～として（は）／～としても／～としての","＜立場、資格、種類をはっきり言う。＞:Nói về lập trường, tư cách, chủng loại","[名]＋として","彼は国費留学生として日本へ来た。:Anh ấy đã đến Nhật với tư cách là lưu học sinh ngân sách nhà nước<br>この病気は難病として認定された。:Căn bệnh này được nhận định là một bệnh nan y.<br>彼は医者であるが、小説家としても有名である。:Tuy ông ấy là một bác sĩ, nhưng cũng nổi tiếng với tư cách là một tiểu thuyết gia.<br>あの人は学者としては立派だが、人間としては尊敬できない。:Người kia tuy là một học giả xuất sắc, nhưng là một con người không đáng kính trọng.<br>日本はアジアの一員としての役割を果たさなければならない。:Nhật Bản phải đóng vài trò như là một thành viên của Châu Á.","N2","1",",173nguphapn2,lesson1,",""
"～とともに(1)","～と一緒に:Cùng với...","[名]＋とともに","お正月は家族とともに過ごしたい。:Tôi muốn ăn Tết cùng gia đình.<br>大阪は東京とともに日本経済の中心地である。:Osaka cùng với Tokyo là các trung tâm kinh tế của Nhật.","N2","2",",173nguphapn2,lesson1,",""
"～とともに(2)","～であると同時に:Cùng đồng thời với…","[動-辞書形],[い形-い],[な形-である],[名-である] +とともに","小林氏は、学生を指導するとともに、研究にも力を入れている。:Cùng với việc hướng dẫn sinh viên, ông Kobayashi còn tận lực trong nghiên cứu.<br>代表に選ばれなくてくやしいとともに、ほっとする気持ちもあった。:Vừa tiếc vì không được chọn làm đại biểu, tôi cũng thấy bớt căng thẳng hơn.<br>この製品の開発は、困難であるとともに、費用がかかる。:Việc phát triển sản phẩm này, cùng với những khó khăn còn tốn chi phí nữa.<br>義務教育は、国民の義務であるとともに、権利でもある。:Giáo dục phổ cập vừa là nghĩa vụ, còn là quyền lợi của nhân dân.","N2","3",",173nguphapn2,lesson1,",""
"～とともに(3)","一つの変化と一緒に、別の変化が起こる。:Cùng với một sự thay đổi, một sự thay đổi khác diễn ra.","[動-辞書形],[名] ＋とともに","年をとるとともに、体力が衰える。:Cùng với tuổi cao, thể lực cũng yếu đi.<br>自動車が普及するとともに、交通事故も増えてきた。:Cùng với việc ô tô trở nên phổ biến, tai nạn giao thông cũng tăng lên.<br>経済成長とともに、国民の生活も豊かになった。:Cùng với tăng trưởng kinh tế, đời sống nhân dân cũng sung túc hơn.","N2","4",",173nguphapn2,lesson1,",""
"～において（は）／～においても／～における","～で（場所・時間を示す。）:Ở, tại, trong, về việc, đối với -> Chỉ địa điểm, thời gian","[名]＋において","会議は第一会議室において行われる。:Hội nghị được tổ chức ở phòng họp số 1.<br>現代においては、コンピューターは不可欠なものである。:Ngày nay, máy tính là vật không thể thiếu được.<br>我が国においても、青少年の犯罪が増えている。:Ở nước ta cũng thế, tội phạm thanh thiếu niên đang tăng lên.<br>それは私の人生における最良の日であった。:Đó là ngày đẹp nhất đời tôi.","N2","5",",173nguphapn2,lesson1,",""
"～に応じて／～に応じ／～に応じた","～にしたがって・～に適している:Phụ thuộc vào, ứng với","[名]＋に応じて","保険金は被害状況に応じて、払われる。:Tiền bảo hiểm sẽ được trả tuỳ theo tình trạng thiệt hại.<br>季節に応じ、体の色を変えるウサギがいる。:Có loại thỏ mà màu sắc cơ thể biến đổi theo mùa.<br>無理をしないで体力に応じた運動をしてください。:Hãy vận động tuỳ theo thể lực, đừng quá sức.","N2","6",",173nguphapn2,lesson1,",""
"～にかわって／～にかわり(1)","今までの～ではなく（今までに使われていたものが別のものに変わることを表す。）:Bây giờ thì ~ không.... (Biểu thị việc thay đổi một thứ đã được sử dụng thành một thứ khác)","[名]＋にかわって","ここでは、人間にかわってロボットが作業をしている。:Ở đây, robot đang làm việc thay cho con người.<br>今はタイプライターにかわり、ワープロが使われている。:Bây giờ, thay cho bàn đánh máy, máy vi tính (đánh chữ) được sử dụng.","N2","7",",173nguphapn2,lesson1,",""
"～にかわって／～にかわり(2)","～の代理で（ほかの人の代わりにすることを表す。）:Đại lý, đại diện (Biểu thị việc làm đại diện cho một người khác)","[名]＋にかわって","父にかわって、私が結婚式に出席しました。:Tôi đã đi đám cưới thay cho bố.<br>首相にかわり、外相がアメリカを訪問した。:Thay mặt cho thủ tướng, bộ trưởng ngoại giao đã đi thăm Mỹ.","N2","8",",173nguphapn2,lesson1,",""
"～に比べて／～に比べ","～を基準にして程度の違いなどを言う。:So với.... ; Nói về mức độ khác nhau so với ~ lấy làm tiêu chuẩn.","[名]＋に比べて","兄に比べて、弟はよく勉強する。:So với anh trai, ông em học chăm hơn.<br>諸外国に比べて、日本は食料品が高いと言われている。:So với ngoại quốc, giá thực phẩm ở Nhật được cho là cao.<br>今年は去年に比べ、雨の量が多い。:Năm nay so với năm ngoái thì lượng mưa nhiều hơn.","N2","9",",173nguphapn2,lesson1,",""
"～にしたがって／～にしたがい 従い／したがい","～と一緒に （一方の変化とともに他方も変わることを表す。 ）:Cùng với ~ (Biểu thị việc cùng với sự thay đổi theo một hướng nào đó, một hướng khác cũng thay đổi)","[動－辞書形],[名] ＋にしたがって","高く登るにしたがって、見晴らしがよくなった。:Khi lên cao, tầm nhìn cũng rõ hơn.<br>工業化が進むにしたがって、自然環境の破壊が広がった。:Cùng với sự tiến triển của công nghiệp hoá, sự phá hoại môi trường tự nhiên ngày càng lan rộng.<br>電気製品の普及にしたがって、家事労働が楽になった。:Theo sự phổ cập của đồ điện máy, việc nhà cũng nhàn nhã hơn.<br>試験が近づくにしたがい、緊張が高まる。:Khi kỳ thi càng đến gần, độ căng thẳng càng cao (càng thấy căng thẳng hơn).","N2","10",",173nguphapn2,lesson1,",""
"～につれて／～につれ","～と一緒に （一方の変化とともに他方も変わることを表す。 ）:Cùng với ~ (Biểu thị việc cùng với sự thay đổi theo một hướng nào đó, một hướng khác cũng thay đổi)","[動－辞書形],[名] ＋につれて","品質がよくなるにつれて、値段が高くなる。:Khi chất lượng tốt lên, giá cũng trở nên đắt.<br>時代の変化につれて、結婚の形も変わってきた。:Thời đại thay đổi, các hình thức kết hôn cũng thay đổi.<br>年をとるにつれ、昔のことが懐かしく思い出される。:Về già, càng nhớ tiếc về ngày xưa.","N2","1",",173nguphapn2,lesson2,",""
"～に対して（は）／～に対し／～に対しても／～に対する","～に （対象・相手を示す。）:Về việc, đối với~(chỉ đối tượng, đối phương)","[名]＋に対して","お客様に対して失礼なことを言ってはいけません。:Đối với khách hàng, cấm nói điều thất lễ.<br>いいことをした人に対し、表彰状が贈られる。:Với người làm việc tốt, sẽ được tặng giấy khen.<br>陳さんは日本の経済だけではなく日本の文化に対しても、興味を持っている。:Anh Trần không chỉ có hứng thú với kinh thế Nhật Bản mà còn cả với văn hoá Nhật nữa.<br>被害者に対する補償問題を検討する。:Chúng tôi xem xét vấn đề bồi thường với người bị hại.","N2","2",",173nguphapn2,lesson2,",""
"～について（は）／～につき／～についても／～についての","話したり考えたりする内容を表す。:Về, liên quan đến… Biểu thị nội dung suy nghĩ, lời nói.","[名]＋について","日本の経済について研究しています。:Tôi đang nghiên cứu về kinh tế Nhật Bản.<br>この病気の原因については、いくつかの説がある。:Về nguyên nhân của căn bệnh này, có một vài giả thuyết (được đưa ra).<br>我が社の新製品につき、ご説明いたします。:Tôi xin phép trình bày về sản phẩm mới của công ty chúng tôi.<br>日本の習慣についても、自分の国の習慣と比べながら考えてみよう。:Về tập quán của Nhật Bản, hãy thử suy nghĩ khi so sánh với tập quán của đất nước bạn.<br>コンピューターの使い方についての本がほしい。:Tôi muốn có cuốn sách nói về cách sử dụng máy tính.","N2","3",",173nguphapn2,lesson2,",""
"～にとって（は）／～にとっても／～にとっての","～の立場からみると （後ろには判断や評価がくる。）:Đối với… Nhìn từ lập trường của ~ (sau đó là phán đoán, bình phẩm)","[名]＋にとって","この写真は私にとって、何よりも大切なものです。:Bức ảnh này đối với tôi là thứ quan trọng hơn tất cả (hơn bất cứ thứ gì).<br>社員にとっては、給料は高いほうがいい。:Với nhân viên công ty thì, lương cao sẽ tốt hơn.<br>だれにとっても一番大切なのは健康です。:Với bất kỳ ai, sức khoẻ là quan trọng nhất.<br>環境問題は、人類にとっての課題だ。:Vấn đề môi trường là thách thức (nhiệm vụ) đối với nhân loại.","N2","4",",173nguphapn2,lesson2,",""
"～に伴って／～に伴い／～に伴う(1)","～にしたがって・～につれて:Cùng với, đi kèm....","[動－辞書形],[名] ＋に伴って","人口が増えるに伴って、いろいろな問題が起こってきた。:Đi kèm với việc tăng dân số, nhiều vấn đề đa dạng nảy sinh.<br>円高に伴い、来日する外国人旅行者が少なくなった。:Kèm theo việc đồng Yên tăng giá, khách du lịch đến Nhật cũng giảm đi.<br>経済発展にもとなう環境破壊が問題になっている。:Việc phá hoại môi trường đi kèm với sự phát triển kinh tế đang trở thành vấn đề (cần giải quyết).","N2","5",",173nguphapn2,lesson2,",""
"～に伴って／～に伴い／～に伴う(2)","～と一緒に （同時に起きる）:Cùng với, xảy ra đồng thời.","[名]＋に伴って","地震に伴って、火災が発生することが多い。:Cùng với động đất, hoả hoạn cũng phát sinh nhiều.<br>自由には、それに伴う責任がある。:Tự do luôn đi kèm với trách nhiệm.","N2","6",",173nguphapn2,lesson2,",""
"～によって／～により／～による／～によっては","動作の主体（主に受身文で）を示す。:Nhờ vào, do, bởi ~ .Chỉ chủ thể của hành động (chủ yếu trong câu bị động).","[名]＋によって","アメリカ大陸はコロンブスによって発見された。:Châu Mỹ do Columbus phát hiện ra.<br>この法案は国会により承認された。:Dự luật này đã được quốc hội thông qua (thừa nhận).<br>医師による診断の結果を報告します。:Tôi sẽ báo cáo kết quả chẩn đoán bởi bác sỹ.","N2","7",",173nguphapn2,lesson2,",""
"～によると／～によれば","伝聞の根拠を示す。:Theo, y theo ~. Chỉ căn cứ của tin đồn.","[名]＋によると","今朝の新聞によると、来年度、二つの大学が新設されるそうだ。:Theo báo ra sáng nay, sang năm, hai trường đại học mới sẽ được thành lập.<br>天気予報によると、あしたは雨が降るそうです。:Theo dự bảo thới tiết, ngày mai nghe nói sẽ mưa.<br>友達の話によれば、あの映画はとても面白いということです。:Nghe bạn tôi kể thì bộ phim đó có vẻ khá thú vị.","N2","8",",173nguphapn2,lesson2,",""
"～を中心に（して）／～を中心として","～を真ん中にして・～を一番重要なものとして:Lấy ~ làm trung tâm, lấy ~ là thứ quan trọng nhất.","[名]＋を中心に","駅を中心にたくさんの商店が集まっている。:Nhiều cửa hàng tập trung quanh ga.<br>この国は自動車産業を中心に工業を進めている。:Nước này lấy công nghiệp sản xuất ô tô làm trung tâm cho phát triển công nghiệp.<br>地球は太陽を中心にして回っている。:Trái đất quay quanh tâm là mặt trời.<br>21世紀の経済はアジアを中心として発展するでしょう。:Kinh tế thế kỷ 21sẽ phát triển với trung tâm là Châu Á.","N2","9",",173nguphapn2,lesson2,",""
"～を問と わず／～は問わず","～に関係なく・～に影響されないで:Không kể, bất kể. Không liên quan đến ~, không bị ảnh hưởng bởi ~","[名]＋を問わず","留学生ならどなたでも国籍、年齢、性別を問わず申し込めます。:Nếu là lưu học sinh, bất cứ ai, không kể quốc tịch, tuổi tác, giới tính đều có thể đăng ký.<br>この病院では昼夜を問わず救急患者を受け付けます。:Bệnh viện này không kể ngày đêm đều tiếp nhận bệnh nhân cấp cứu.<br>学歴、経験は問わず、やる気のある社員を募集します。:Không kể đến học vấn, kinh nghiệm, chúng tôi tuyển nhân viên có sự say mê.","N2","10",",173nguphapn2,lesson2,",""
"～をはじめ／～をはじめとする","一つの主な例を出す言い方。:Cách nói đưa ra một ví dụ chính.","[名]＋をはじめ","上野動物園にはパンダをはじめ、子供たちに人気がある動物がたくさんいます。:Ở vườn thú Ueno, những động vật mà trẻ em yêu thích, như gấu trúc, có rất nhiều.<br>ご両親をはじめ、ご家族の皆様、お元気でいらっしゃいますか。:Hai bác nhà mình và toàn thể gia đình vẫn mạnh khoẻ chứ ạ?<br>国会議員をはじめとする視察団が被災地を訪れた。:Bao gồm các nghĩ sĩ, đoàn thị sát đã đến thăm các vùng bị thiên tại.","N2","1",",173nguphapn2,lesson3,",""
"～をもとに／～を元にして","～を判断の基準・材料などにして:Lấy ~ làm cơ sở, tài liệu cho phán đoán.","[名]＋をもとに","ファンの人気投票をもとに審査し、今年の歌のベストテンが決まります。:Bảng xếp hạng ca khúc top ten năm nay sẽ được quyết định dựa trên sự thẩm tra phiếu bình chọn của fan.<br>ノンフィクションというのは事実を元にして書かれたものです。:Loại (sách) Non fiction là loại được viết dựa trên sự thật.","N2","2",",173nguphapn2,lesson3,",""
"～うちに／～ないうちに(1)","その間に （その状態が変わる前に何かをする。）:Trong lúc… (làm việc gì đó trước khi trạng thái đó thay đổi)","[動－辞書形／ない形－ない],[い形－い],[な形－な],[名－の] ＋うちに","日本にいるうちに、一度京都を訪ねたいと思っている。:Trong lúc còn ở Nhật, tôi định sẽ đi thăm Kyoto một lần.<br>子供が寝ているうちに、掃除をしてしまいましょう。:Trong khi con đang ngủ, làm xong việc dọn dẹp nào.<br>若いうちに、いろいろ経験したほうがいい。:Khi còn trẻ, nên tích luỹ nhiều kinh nghiệm (nên có nhiều trải nghiệm).<br>花がきれいなうちに、花見に行きたい。:Muốn đi ngắm hoa lúc nó còn đang đẹp.<br>今日のうちに、旅行の準備をしておこう。:Trong ngày hôm nay, hãy chuẩn bị cho chuyến du lịch.<br>冷めないうちに、どうぞ召し上がってください。:Mời bác ăn ngay khi nó chưa nguội ạ.","N2","3",",173nguphapn2,lesson3,",""
"～うちに／～ないうちに(2)","～の間に （その間に、はじめはなかったことが起きる。）:Trong khoảng… (Trong khoảng thời gian đó, xảy ra việc mà lúc đầu không có)","[動－辞書形／ない形－ない],[い形－い],[な形－な],[名－の] ＋うちに","寒かったが、走っているうちに体が暖かくなった。:Dù trời lạnh, trong lúc đang chạy cơ thể trở nên ấm.<br>彼女の話を聞いているうちに、涙が出てきました。:Trong lúc đang nghe câu chuyện của cô ấy, tôi đã rơi nước mắt.<br>何度も話し合ううちに、互いの理解が深まった。:Nhiều lần trao đổi, sự hiểu biết lẫn nhau ngày càng sâu đậm (tăng cường).<br>しばらく合わないうちに、日本語が上手になりましたね。:Chỉ trong thời gian ngắn không gặp, tiếng Nhật của bác đã giỏi thế!","N2","4",",173nguphapn2,lesson3,",""
"～おかげで／～おかげだ","～ために （それが原因で、いい結果になって感謝する気持ちを表す。）:Nhờ, do có... ( Biểu thị lòng biết ơn vì nhớ nguyên nhân đó mà có kết quả tốt)","[動・い形・な形・名]の名詞修飾型＋おかげで","科学技術が発達したおかげで、我々の生活は便利になった。:Nhờ khoa học kỹ thuận phát triển, đời sống của chúng ta trở nên tiện lợi hơn.<br>家が海に近いおかげで、新鮮な魚が食べられる。:Nhờ nhà em gần biển nên lúc nào cũng có cá tươi ăn.<br>山本さんは中国語が上手なおかげで、いい仕事が見つかったそうです。:Bác Yamamoto vì giỏi tiếng Trung Quốc nên nghe nói đã tìm được một công việc tốt.<br>仕事が早く済んだのは、山田さんのおかげです。:Công việc làm xong nhanh chóng là nhờ có bác Yamada.","N2","5",",173nguphapn2,lesson3,",""
"～かわりに(1)","～をしないで （それをしないで、別のことをする。）:Thay vì không ~ (Không làm ~ mà làm một việc khác.","[動－辞書形]＋かわりに","私立大学を一つ受けるかわりに、国立大学を三つ受けたい。:Không đăng ký vào một trường tư nào, tôi muốn đăng ký 3trường quốc lập.<br>音楽会に行くかわりに、CD を３枚買うほうがいいと思う。:Thay vì đi nghe hoà nhạc, tôi nghĩ mua 3đĩa CD có khi tốt hơn.","N2","6",",173nguphapn2,lesson3,",""
"～かわりに(2)","～の代理で・の代用として:Làm đại lý, thay thế cho ~","[名－の]＋かわりに","病気の父のかわりに、私が参りました。:Thay cho bố đang bị ốm, tôi đã đi.<br>包帯のかわりに、ハンカチで傷口を縛った。:Thay vì dùng băng gạc, tôi đã dung khăn tay để băng miệng viết thương.","N2","7",",173nguphapn2,lesson3,",""
"～かわりに(3)","～に相当する分だけ:Chỉ có phần tương đương với ~","[動・い形・な形・名]の名詞修飾型＋かわりに","私が料理するかわりに、あなたは掃除してください。:Em nấu ăn, anh quét nhà đi.<br>この部屋は狭いかわりに、家賃が安い。:Căn phòng này nhỏ hẹp, tương ứng là giá thuê cũng rẻ.<br>私のマンションは静かなかわりに、駅から遠くて不便だ。:Khu nhà tôi ở khá yên tĩnh, bù lại đường từ ga đến lại xa, khá bất tiện.","N2","8",",173nguphapn2,lesson3,",""
"～くらい／～ぐらい／～くらいだ／～ぐらいだ(1)","（状態の程度を表す。）:Biểu thị mức độ trạng thái","[動－辞書形／ない形－ない],[い形－い],[な形－な],[名] ＋くらい","棚から物が落ちるくらい大きい地震があった。:Trận động đất mạnh đến mức các đồ vật bị rơi xuống từ trên giá.<br>この辺りは夜になると、寂しいくらい静かだ。:Khi đêm xuống, vùng quanh đây yên tĩnh đến cô quạnh.<br>木村さんは薬しみにしていた旅行に行けなくなって、かわいそうなぐらいがっかりしていた。:Anh Kimura đã thất vọng đến tội nghiệp khi không đi được chuyến du lịch mà anh ấy đã mong chờ.<br>彼くらい日本語が話せれば、通訳ができるだろう。:Nói được tiếng Nhật cỡ như tui, làm phiên dịch được không nhỉ?<br>おなかが痛くて、がまんできないぐらいだった。:Bụng đau đến mức không chịu được.","N2","9",",173nguphapn2,lesson3,",""
"～くらい／～ぐらい／～くらいだ／～ぐらいだ(2)","（程度の軽いことを表す ）:Biểu thị mức độ nhẹ","[動]の普通形,[名] ＋くらい","忙しくても電話を掛けるくらいはできたでしょう。:Dù bận nhưng ít ra một cuộc điện thoại anh cũng gọi được chứ?<br>外国語は、１か月習ったぐらいでは、上手に話せるようにはならないだろう。:Ngoại ngữ thì học cỡ một tháng không thể giao tiếp giỏi được.<br>人に会ったら、あいさつぐらいしてほしい。:Tôi muốn anh khi gặp mọi người, chí ít cũng phải chào hỏi.","N2","10",",173nguphapn2,lesson3,",""
"～上（に）","～だけでなく・～に加えて:Không chỉ ~, thêm vào với ~","[動・い形・な形・名]の名詞修飾型＋上（に）","今年のインフルエンザは高熱が出る上、せきもひどい。:Dịch cúm năm nay không chỉ có sốt cao, mà còn ho dữ dội nữa.<br>林さんのお宅でごちそうになった上、おみやげまでいただきました。:Ở nhà bác Hayashi, tôi không chỉ được ăn ngon, còn được cả quà mang về nữa.<br>彼女は頭がいいうえに、性格もよい。:Cô ấy đã thông minh, tính cách lại tốt nữa.<br>この機械は使い方が簡単なうえに、軽いので大変便利だ。:Máy này không chỉ dễ sử dụng, lại nhẹ nữa nên rất tiện.<br>このアルバイトは好条件のうえに通勤時間も短いので、ありがたい。:Việc làm thêm này ngoài điều kiện tốt, thời gian đi làm cũng ngắn, rất sướng.","N2","1",",173nguphapn2,lesson4,",""
"～最中に／～最中だ","何かをしているちょうどその時に:Ngay trong lúc đang làm việc gì đó","[動-ている],[名-の] ＋最中に","考えている最中に、話しかけられて困った。:Đang nghĩ, cứ bị nói xen vào, đến khổ.<br>試合の最中に、雨が降ってきた。:Giữa trận đấu, trời lại đổ mưa,<br>その事件については、今調査している最中です。:Về vụ tai nạn này, bây giờ đang điều tra.","N2","2",",173nguphapn2,lesson4,",""
"～次第","～したら、すぐ （～が終わったらすぐ後のことをすることを表す。）:Ngay khi ~. Chỉ việc làm ngay sau khi ~ kết thức.","[動-ます形],[名] ＋次第","新しい住所が決まり次第、連絡します。:Ngay sau khi quyết định được địa chỉ mới, chúng tôi sẽ liên lạc.<br>向こうに着き次第、電話をしてください。:Ngay sau khi đến nơi, hãy gọi điện nhé.<br>雨がやみ次第、出発しましょう。:Ngay sau khi mưa tạnh, xuất phát nhé.<br>12時に式が終わります。終了次第パーティーを始めますから、皆様ご参加ください。:Buổi lễ sẽ kết thúc lúc 12h. Ngay sau khi kết thúc sẽ bắt đầu liên hoan, mọi người cùng tham gia nhé.","N2","3",",173nguphapn2,lesson4,",""
"～たとたん（に）","～するとすぐに:Ngay sau ~","[動－た形]＋とたん","犯人は警官の姿を見たとたん、逃げ出した。:Ngay khi thấy bóng cảnh sát, tên phạm nhân đã chạy trốn.<br>疲れていたので、ベッドに入ったとたんに、眠ってしまった。:Vì mệt quá, lên giường cái là ngủ mất ngay.<br>先生はいつもベルが鳴ったとたんに、教室に入ってくる。:Thầy giáo lúc nào cũng vào lớp ngay sau khi chuông kêu.","N2","4",",173nguphapn2,lesson4,",""
"～たび（に）","～する時はいつも:Mỗi khi, mỗi dịp ~","[動－辞書形],[名－の] ＋たび","その歌を歌うたび、幼:おさな<br>い日のことを思い出す。<br>Mỗi lần nghe bài hát đó, tôi lại nhớ về những ngày thơ ấu.<br>人は新しい経験をするたびに、何かを学ぶ。:Con người mỗi khi có một trải nghiệm mới, đều học được điều gì đó.<br>私は旅行のたびに、絵葉書を買います。:Tôi mỗi lần đi du lịch đều mua bưu ảnh.<br>その川は大雨のたびに、水があふれて被害が起きている。:Con sông đó mỗi lần mưa lớn, nước dâng lên gây ra thiệt hại.","N2","5",",173nguphapn2,lesson4,",""
"～て以来","それから後ずっと:Suốt từ đó về sau…","[動－て形]＋以来","日本に来て以来、日本に対する考え方が少しずつ変わってきた。:Từ ngày đến nước Nhật, cách nghĩ của tôi về Nhật Bản cũng thay đổi dần dần từng chút một.<br>昨年夏に手紙を受け取って以来、彼から連絡がまったくない。:Từ khi nhận được thư hè năm ngoái, hoàn toàn không có thông tin gì về anh ấy cả.<br>そのことがあって以来、彼は彼女に好意をもつようになった。:Kể từ khi xảy ra chuyện đó, anh ấy đã có cảm tình với cô ấy.","N2","6",",173nguphapn2,lesson4,",""
"～とおり（に）／～どおり（に）","～と同じに:Làm giống như ~","[動－辞書形／た形],[名－の] ＋とおり/[名] ＋どおり","説明書に書いてあるとおりにやってみてください。:Hãy thử làm như được viết trong bản hướng dẫn.<br>あの人の言ったとおりにすれば、大丈夫です。:Nếu làm như ông kia nói thì không sao cả.<br>彼は A 大学に合格した。私の思ったとおりだった。:Anh ấy đã đỗ vào đại học A. Đúng như tôi đã nghĩ.<br>矢印のとおりに進んでください。:Hãy tiến theo hướng mũi tên chỉ.<br>その企画は計画どおりには進まなかった。:Kế hoạch đó đã không đi theo dự định.<br>予想どおり、A チームが優勝した。:Đúng như dự đoán, đội A đã vô địch.","N2","7",",173nguphapn2,lesson4,",""
"～ところに／～ところへ／～ところを","そういう時に／そういう場へ／そういう場面を:Đúng lúc, đúng địa điểm, đúng hoàn cảnh ấy…","[動－辞書形／た形／ている],[い形－い] ＋ところに","ちょうど金さんのうわさをしているところに、本人がやって来た。:Vừa lúc đang tán gẫu về anh Kim, thì anh ấy đã đến.<br>これから寝ようとしたところへ、友達が訪ねてきた。:Đang định đi ngủ thì bạn lại đến chơi.<br>いいところへ来ましたね。今ちょうどスイカを切ったんです。一緒に食べましょう。:Đến đúng lúc thế nhỉ ☺. Tớ vừa bổ dưa hấu này. Cùng ăn nào!<br>こっそりタバコを吸っているところを、妹に見られた。:Đang lúc hút thuốc lá trộm lại bị cô em bắt gặp.","N2","8",",173nguphapn2,lesson4,",""
"～ほど／～ほどだ／～ほどの(1)","～くらい （程度を表す。）:Chừng, mức ~","[動－辞書形／ない形－ない],[い形－い],[な形－な],[名] ＋ほど","会場にはあふれるほど、ギターを持った若者が集まっていた。:Các thanh niên mang đàn ghi ta tụ tập đông đến mức tràn ngập cả hội trường.<br>子供をなくしたご両親の悲しみが痛いほど分かる。:Tôi hiểu được nỗi đau buồn của những bậc cha mẹ mất con.<br>私にも言いたいことが山ほどある。:Những điều tôi muốn nói nhiều như núi.<br>久しぶりに国の母の声を聞いて、うれしくて泣きたいほどだった。:Đã lâu mới được nghe giọng nói của mẹ từ trong nước, tôi hạnh phúc đến muốn khóc.<br>持ちきれないほどの荷物があったのでタクシーで帰った。:Nhiều hành lý đến mức mang không xuể, tôi đi taxi về nhà.","N2","9",",173nguphapn2,lesson4,",""
"～ほど／～ほどだ／～ほどの(2)","～が一番・・・だ （「～ほど・・・はない」の形で使われる。）:~ là nhất","[動－辞書形],[名] ＋ほど・・・はない","仲のいい友達と旅行するほど楽しいことはない。:Đi chơi với bạn thân (tốt) là vui nhất.<br>彼女ほど頭のいい人には会ったことがない。:Tôi chưa gặp ai thông minh như cô ấy.<br>戦争ほど悲惨なものはない。:Không có gì bi thảm bằng chiến tranh.","N2","10",",173nguphapn2,lesson4,",""
"～せいだ／～せいで／～せいか","ために （それが原因で悪い結果になったことを表す。）:Tại vì ~ . (Do nguyên nhân đó mà có kết quả xấu)","[動・い形・な形・名]の名詞修飾型＋せいだ","私が失敗したのは、彼のせいだ。:Tôi thất bại là tại thằng ấy.<br>電車が遅れたせいで、遅刻した。:Vì tàu chậm nên tôi đã đến muộn.<br>甘いものが好きなせいで、食べ過ぎて太ってしまった。:Tại vì thích ăn đồ ngọt, tôi đã ăn nhiều quá và phát phì.<br>暑いせいか、食欲がない。:Trời nóng, chả cả thèm ăn.","N2","1",",173nguphapn2,lesson5,",""
"～ばかりに","～だけのために （それだけが原因で悪い結果になった残念な気持ちを表す。）:Chỉ vỉ ~ (Biểu thị tâm trạng tiếc vi chỉ tại nguyên nhân đó mà trở thành kết quả xấu)","[動・い形・な形・名]の名詞修飾型＋ばかりに","うそをついたばかりに恋人に嫌われてしまった。:Chỉ tại nói dối mà bị người yêu ghét/giận.<br>お金がないばかりに大学に進学できなかった。:Chỉ vì thiếu tiền mà không học lên đại học được.<br>日本語が下手なばかりに、いいアルバイトが探せません。:Chỉ tại kém tiếng Nhật nên không tìm được việc làm thêm tốt.<br>長女であるばかりに、弟や妹の世話をさせられる。:Chỉ vì là chị gái lớn mà tôi phải giúp hết em trai đến em gái.","N2","2",",173nguphapn2,lesson5,",""
"～ものだから","～ので （理由。言い訳の時よく使う。）:Tại vì ~ (Hay dùng khi nói lý do, phân trần, biện bạch)","[動・い形・な形・名]の名詞修飾型＋ものだから","事故で電車が遅れたものですから、遅くなってすみません。:Do tai nạn nên tàu bị trễ, tôi xin lỗi vì đã đến muộn.<br>日本の習慣を知らないものですから、失礼なことをするかもしれません。:Vì không biết tập quán của Nhật, có thể làm điều thất lễ chăng.<br>あまり悲しかったものだから、大声で泣いてしまった。:Vì điều không đáng buồn mấy mà khóc rống lên.<br>家が狭いものですから、大きい家具は置けません。:Do nhà chật nên không bày biện đồ gia dụng gì to được.<br>一人っ子なものだから、わがままに育ててしまいました。:Vì là con một nên (tôi) lớn lên khá ích kỷ.","N2","3",",173nguphapn2,lesson5,",""
"～ように／～ような(1)","（例を表す。）:Biểu thị ví dụ, như là ~","[動・名]の名詞修飾型＋ように","ここに書いてあるように申込書に記入してください。:Hãy điền vào đơn đăng ký như viết ở mẫu này.<br>東京のように人口が集中すると、交通渋滞は避けられない。:Cứ tập trung dân số như ở Tokyo, khó mà tránh khỏi giao thông ùn tắc.<br>ケーキのような甘いものはあまり好きではありません。:Tôi không thích những thứ ngọt như bánh ga tô.","N2","4",",173nguphapn2,lesson5,",""
"～ように／～ような(2)","（目標を表す。）:Chỉ mục tiêu","[動－辞書形／ない形－ない]＋ように","この本は小学生でも読めるようにルビがつけてあります。:Cuốn sách này, để cho học sinh tiểu học cũng đọc được, phiên âm được đính vào.<br>予定通り終わるように計画を立ててやってください。:Hãy lập lịch để có thể kết thúc theo kế hoạch.<br>風邪を引かないように気をつけてください。:Hãy cẩn thận để không bị trúng gió.","N2","5",",173nguphapn2,lesson5,",""
"～一方だ","（その傾向がますます進むことを示す。）:Diễn tả việc xu hướng đó ngày càng tiếp diễn","[動－辞書形]＋一方だ","最近、パソコン通信の利用者は増える一方だ。:Gần đây người dùng máy tính để trao đổi thông tin ngày càng tăng lên.<br>都市の環境は悪くなる一方なのに、若者は都会にあこがれる。:Dù môi trường đô thị ngày càng xấu đi, giới trẻ vẫn mơ ước sống nơi đô hội.<br>最近英語を使わないので、忘れる一方で困っている。:Gần đây vì không sử dụng tiếng Anh, quên ngày càng nhiều, thật khổ.","N2","6",",173nguphapn2,lesson5,",""
"～おそれがある","～する心配がある:Có sự lo lắng là ~, e là ~","[動－辞書形],[名－の] ＋恐れがある","早く手術しないと、手遅れになる恐れがある。:Nếu không phẫu thuật nhanh, e là muộn mất.<br>台風がこのまま北上すると、日本に上陸する恐れがある。:Nếu bão vẫn cứ tiến theo hướng Bắc như thế này, có khả năng sẽ đổ bộ vào Nhật Bản.<br>こんなに赤字が続くと、この会社は倒産の恐れがある。:Cứ tiếp tục thua lỗ như thế, công ty này có ngày phá sản.<br>この病気は伝染の恐れはありません。:Căn bệnh này không lo bị truyền nhiễm.","N2","7",",173nguphapn2,lesson5,",""
"～ことになっている","（予定・規則などを表す。 ）:Biểu thị dự định, quy tắc…","[動－辞書形／ない形－ない],[い形－い] ＋ことになっている","今度の日曜日には、友達と会うことになっています。:Chủ Nhật tới tôi định gặp mặt bạn bè.<br>この寮では、玄関は 12時に閉まることになっている。:Ở khu ký túc xá này, cửa vào đóng lúc 12h.<br>法律で、子供を働かせてはいけないことになっている。:Theo pháp luật, cấm bắt trẻ em phải lao động.<br>この席はタバコを吸ってもいいことになっている。:Ở ghế này, hút thuốc lá cũng được.","N2","8",",173nguphapn2,lesson5,",""
"～ことはない","～する必要はない:Không cần phải làm ~","[動－辞書形]＋ことはない","時間は十分あるから、急ぐことはない。:Vẫn có đủ thời gian, không cần phải vội.<br>旅行かばんならわざわざ買うことはありませんよ。私が貸してあげます。:Vali du lịch thì không cần phải lo mua đâu. Tớ cho mượn.<br>検査の結果、異常ありませんでしたから心配することはありませんよ。:Vì kết quả kiểm tra không có gì khác thường nên không cần lo lắng đâu.","N2","9",",173nguphapn2,lesson5,",""
"～しかない","～ほかに方法がない・～しなければならない:Không có cách nào khác ngoài ~ ; Cần phải làm ~","[動－辞書形]＋しかない","事故で電車が動かないから、歩いて行くしかない。:Do tai nạn nên tàu không chạy, chả có cách nào khác là đi bộ.<br>だれにも頼めないから、自分でやるしかありません。:Không nhờ ai được, tự mình phải làm thôi.<br>約束したのだから、行くしかないだろう。:Đã hẹn rồi, phải đi thôi.","N2","10",",173nguphapn2,lesson5,",""
"～ということだ(1)","～ということを聞いた （伝聞。聞いたことをそのまま引用する言い方。）:Nghe thấy nói là ~ (cách nói dẫn dụng y nguyên điều nghe được)","[動・い形・な形・名]の普通形＋ということだ","新聞によると、また地下鉄の運賃が値上げされるということだ。:Theo báo nói, giá vé tàu điện ngầm lại bị tăng lên.<br>事故の原因はまだわからないということです。:Nghe nói vẫn chưa biết nguyên nhân của tai nạn.<br>天気予報によると今年は雨が多いだろうということです。:Nghe dự báo thời tiết thì năm nay mưa nhiều đây.<br>A社の就職には推薦状が必要だということです。:Thấy nói là để xin việc ở công ty A cần phải có thư giới thiệu.","N2","1",",173nguphapn2,lesson6,",""
"～ということだ(2)","～という意味だ:Có nghĩa là ~","[動・い形・な形・名]の普通形＋ということだ","ご意見がないということは賛成ということですね。:Không có ý kiến gì tức là tán thành phải không ạ.","N2","2",",173nguphapn2,lesson6,",""
"～まい／～まいか(1)","～ないだろう （否定の推量を表す。）:Có lẽ không phải ~ (Thể hiện suy đoán phủ định)","[動－辞書形]＋まい （ただし、[動]II グループ、III グループは[ない形]にも接続する。[する]は[すまい]の形もある。 ）","あの民族紛争は容易に解決するまいと思うが、平和的解決への努力が必要だ。:Tuy tôi nghĩ là cuộc phân tranh sắc tộc đó không dễ giải quyết nhưng những nỗ lực để giải quyết một cách hoà bình là cần thiết.<br>彼はベテランの登山家だから、あんな低い山で遭難することはあるまい。:Ông ấy là nhà leo núi nhiều kinh nghiệm nên việc gặp nạn trên núi thấp cỡ đó chắc là không có đâu.<br>小さな地震が続いている。大きな地震が起こるのではあるまいか。:Vẫn tiếp diễn các địa chấn nhỏ, chắc là không có việc xảy ra động đất lớn.","N2","3",",173nguphapn2,lesson6,",""
"～まい／～まいか(2)","絶対～するのをやめよう （否定の意志を表す。）:Tuyệt đối muốn từ bỏ việc ~ (chỉ ý muốn phủ định)","[動－辞書形]＋まい （ただし、[動]II グループ、III グループは[ない形]にも接続する。[する]は[すまい]の形もある。 ）","こんなまずいレストランへは二度と来るまい。:Cái nhà hang tồi cỡ này thì không muốn đến lần thứ hai.<br>ケーキは買うまいと思っても、見るとつい買ってしまう。:Đã định không mua bánh ngọt rồi, nhìn thấy lại sơ ý mua mất.<br>彼は何も言うまいと思っているらしい。:Hình như anh ấy không định nói gì.","N2","4",",173nguphapn2,lesson6,",""
"～わけがない／～わけはない","～（の）はずがない:Không có nghĩa là ~, không chắc ~","[動・い形・な形・名]の名詞修飾型＋わけがない","あんな下手な絵が売れるわけがない。:Bức tranh tệ thế không chắc đã bán được.<br>チャンさんは中国人だから漢字が書けないわけがありません。:Vì anh Chan là người Trung Quốc nên không lí gì lại không viết được chữ Hán.<br>あんなやせた人が、相撲とりのわけがない。:Người gầy cỡ này thì không thể là lực sĩ Sumo được.<br>ここは海から遠いので、魚が新鮮なわけはない。:Chỗ này ở xa biển nên cá không thể tươi được.","N2","5",",173nguphapn2,lesson6,",""
"～わけにはいかない／～わけにもいかない(1)","理由があって～できない。:Có lý do nên ~ không làm được","[動－辞書形]＋わけにはいかない","絶対にほかの人に言わないと約束したので、話すわけにはいかない。:Vì đã hứa là tuyệt đối không nói với người khác nên không thể kể được.<br>帰りたいけれども、この論文が完成するまでは帰国するわけには行かない。:Dù muốn về nhưng tuy nhiên, đến khi hoàn thành luận văn này thì không về nước được.<br>一人でやるのは大変ですが、みんな忙しそうなので、手伝ってもらうわけにもいきません。:Làm một mình thì khó khăn nhưng vì mọi người cũng đang bận rộn, nên không nhờ ai được.","N2","6",",173nguphapn2,lesson6,",""
"～わけにはいかない／～わけにもいかない(2)","～しなければならない:Phải làm ~","[動－ない形－ない]＋わけにはいかない","あした試験があるので、勉強しないわけにはいきません。:Vì ngày mai có bài thi nên không thể không học được.<br>家族がいるから、働かないわけにはいかない。:Vì có gia đình nên không đi làm không được.","N2","7",",173nguphapn2,lesson6,",""
"～から～にかけて","～から～までの間に （時間・場所の大体の範囲を表す。）:Từ khoảng ~ đến ~ (chỉ chung phạm vi thời gian, địa điểm)","[名]＋から[名]＋にかけて","昨夜から今朝にかけて雨が降りました。:Trời đã mưa từ đêm qua đến sáng nay.<br>台風は毎年、夏から秋にかけて日本を襲う。:Các cơn bão hàng năm đổ bộ vào Nhật từ mùa hè đến mùa thu.<br>関東地方から東北地方にかけて、大きな地震があった。:Đã có động đất mạnh trong khi vực từ Kanto đến Tohoku.<br>一丁目から三丁目にかけて、道路工事が行われている。:Đang tiến hành làm đường từ khu phố 1 đến khu phố 3.","N2","8",",173nguphapn2,lesson6,",""
"たとえ～ても／たとえ～でも","もし～ても:Ví dụ, nếu như, dù cho, ngay cả nếu, tỉ như ~ thì vẫn ~","たとえ＋[動－ても],[い形－くても],[な形－でも],[名－でも]","自分で決めた道だから、たとえ失敗しても後悔しない。:Vì con đường đi do tôi tự quyết định nên nếu có thất bại thì cũng không hối tiếc.<br>たとえ難しくてもやりがいのある仕事をしたい。:Cho dù có khó khăn thì tôi vẫn muốn làm những công việc có nhiều thử thách.<br>この仕事は、たとえ困難でも最後まで頑張らなければならない。:Công việc này, dù cho có vất vả khó khăn, vẫn cần phải cố gắng đến cùng.<br>たとえお世辞でも、子供をほめられれば親はうれしいものだ。:Ngay cả nếu là lời nịnh nọt, con được khen là bố mẹ vẫn sướng.","N2","9",",173nguphapn2,lesson6,",""
"～さえ～ば","（それだけあれば／なければ、後ろの状態が成立する。）:Chỉ cần có ~ hay thành ~, trạng thái sau đó sẽ được thành lập.","[動－ます形]＋さえ＋すれば／しなければ,[い形－く],[な形－で] ＋さえ＋あれば／なければ,[名－で],[動－ば][名]＋さえ＋ [い形－ければ],[な形－なら],[名－なら]","インスタントラーメンはお湯を入れさえすれば食べられる便利な食品だ。:Mì ăn liền là thứ đồ ăn tiện lợi, chỉ cần cho nước nóng vào là ăn được.<br>道が込みさえしなければ、駅までタクシーで 10 分ぐらいだ。:Chỉ cần đường không đông, đi taxi đến ga mất chừng 10 phút.<br>交通が便利でさえあれば、この辺も住みやすいのだが。:Chỉ cần giao thông tiện lợi, sống ở quanh đây cũng dễ.<br>建設的なご意見でさえあれば、どんな小さなものでも大歓迎です。:Miễn là ý kiến có tính xây dựng, dù ít dù nhiều cũng rất hoan nghênh.<br>住所さえわかれば、地図で探していきます。:Biết địa chỉ thì đi tìm bằng bản đồ ngay.<br>あなたのご都合さえよければ、今度の日曜日のコンサートのチケットを買っておきます。:Chỉ cần anh thấy thuận lợi, em sẽ mua sẵn vé xem hoà nhạc Chủ Nhật tới ạ.<br>体さえ丈夫なら、どんな苦労にも耐えられると思う。:Chỉ cần cơ thể khoẻ mạnh, tôi nghĩ là khổ đến mấy cũng chịu được.<br>言葉さえ共通なら、お互いにもっとコミュニケーションがよくできたでしょう。:Thậm chí chỉ cần chung tiếng nói, giao tiếp lẫn nhau sẽ tốt hơn nhiều.","N2","10",",173nguphapn2,lesson6,",""
"～も～ば～も／～も～なら～も","～も～し、～も （前に述べたことの上に後のことを加える時の表現。プラスとプラス、またはマイナスとマイナスの言葉が使われる。）:Cũng ~ cũng ~ . (Mẫu câu dùng khi thêm một việc nữa vào những điều trình bày đằng trước, các từ ngữ tiêu cực + tiêu cực hoặc tích cực + tích cực được sử dụng)","[名]＋も＋ [動－ば],[い形－ければ],[な形－なら] ＋[名]＋も","父はお酒も飲めばタバコも吸うので、健康が心配だ。:Bố rượu cũng uống, thuốc cũng hút, vì thế nên sức khoẻ rất đáng lo.<br>新しくできたレストランは値段も安ければ味もいいと評判です。:Nhà hàng mới mở có tiếng là giá vừa rẻ, khẩu vị cũng ngon.<br>彼は歌も上手なら踊りもうまい、パーティーの人気者だ。:Anh ấy hát cũng hay, nhảy cũng giỏi, rất được yêu mến ở buổi tiệc.","N2","1",",173nguphapn2,lesson7,",""
"～やら～やら","～や～など:Liệt kê","[動－辞書形],[い形－い],[名] ＋やら [動－辞書形],[い形－い],[名] ＋やら","帰国前は飛行機を予約するやらおみやげを買うやらで忙しい。:Trước khi về nước, tất bật với đặt vé máy bay, mua quà lưu niệm…<br>お酒を飲みすぎて、頭が痛いやら苦しいやらで、大変だった。:Uống quá nhiều rượu, đau đầu, mệt mỏi, đến là sợ.<br>部屋を借りるのに敷金やら礼金やら、たくさんお金を使った。:Lúc thuê nhà tốn bao nhiêu là tiền, nào thì tiền đặt cọc, tiền lễ…","N2","2",",173nguphapn2,lesson7,",""
"～だらけ","～がたくさんある・～がたくさんついている （汚り、表面についたりしていることを表す。）:~ có đầy, được gắn đầy. Nói về những thứ bẩn, đáng ghét có đầy hoặc đang dính đầy.","[名]＋だらけ","このレポートは字が間違いだらけで読みにくい。:Bản báo cáo này đầy chữ đánh nhầm, đọc khó.<br>事故現場に血だらけの人が倒れている。:Ở hiện trường vụ tai nạn, một người dính đầy máu đang nằm bất tỉnh.<br>畳の上に座って食事をしたら、ズボンがしわだらけになってしまった。:Nếu ngồi trên chiếu mà ăn thì quần sẽ đầy nếp quăn.<br>世界各地を旅行したので、私の旅行かばんはきずだらけだ。:Vì đi du lịch nhiều nơi trên thế giới nên vali du lịch của tôi đầy vết xước.","N2","3",",173nguphapn2,lesson7,",""
"～っぽい(1)","～のように感じる・～のように見える:Cảm thấy như là ~ ; Thấy như là ~","[い形－Bỏ い],[名] ＋っぽい","このテーブルは高いのに安っぽく見える。:Cái bàn này dù đắt nhưng nhìn rẻ tiền.<br>あの黒っぽい服を着た人はだれですか。:Người mặc bộ quần áo trông đen đen kia là ai?<br>彼女はいたずらっぽい目で私を見た。:Cô ta nhìn tôi với con mắt đầy tinh quái.<br>あの子はまだ中学生なのに、とても大人っぽい。:Thằng nhỏ đó tuy vẫn là học sinh trung học nhưng trông rất người lớn.","N2","4",",173nguphapn2,lesson7,",""
"～っぽい(2)","～しやすい・よく～する:Dễ làm ~","[動－ます形]＋っぽい","彼は怒りっぽいけれど、本当は優しい人です。:Anh ấy là người dễ nổi nóng nhưng thực ra là người rất hiền lành.<br>最近忘れっぽくなったのは、年のせいだろう。:Gần đây mau quên thế là tại tuổi cao rồi chăng?","N2","5",",173nguphapn2,lesson7,",""
"～がたい","～するのは難しい・なかなか～することができない:Khó làm ~ ; gần như không thể ~","[動－ます形]＋がたい","彼女がそんなことをするは、信じがたい。:Cô ấy đến việc đó mà cũng làm được, thật khó tin.<br>この仕事は私には引き受けがたい。:Công việc này với tôi thật khó đảm nhận.<br>幼い子供に対する犯罪は許しがたい。:Tội phạm đối với trẻ nhỏ là không thể tha thứ được.<br>あした帰国するが、仲良くなった友達と別れがたい気持ちで一杯だ。:Ngày mai về nước rồi nhưng vẫn đầy tâm trạng khó chia tay với những người bạn tốt.","N2","6",",173nguphapn2,lesson7,",""
"～がちだ／～がちの","～することが多い・～しやすい:Việc làm ~ là nhiều; ~ dễ làm; có chiều hướng ~","[動－ます形],[名] ＋がちだ","雪が降ると、電車は遅れがちだ。:Khi tuyết rơi, tàu thường hay trễ.<br>彼は最近、体調を崩して、日本語のクラスを休みがちです。:Anh ấy gần đây do cơ thể không khoẻ, hay nghỉ lớp học tiếng Nhật.<br>春は曇りがちの日が多い。:Mùa xuân thì những ngày râm mát nhiều.<br>母は病気がちなので、あまり働けない。:Mẹ hay ốm nên chẳng làm việc được mấy.","N2","7",",173nguphapn2,lesson7,",""
"～気味","少し～の感じがある:Hơi có cảm giác là ~","[動－ます形],[名] ＋気味","仕事が忙しくて、最近少し疲れ気味だ。:Vì công việc bận nên gần đây hơi thấy mệt.<br>このごろ、太り気味だから、ジョギングを始めた。:Gần đây vì thấy hơi béo lên, tôi đã bắt đầu chạy bộ.<br>[日本語能力試験]が近づいたので、焦り気味だ。:Kỳ thi năng lực tiếng Nhật đã đến gần, tôi thấy hơi sốt ruột/vội vàng.<br>昨日から風邪気味で、頭が痛い。:Từ hôm qua hơi bị trúng gió nên đầu bị đau.","N2","8",",173nguphapn2,lesson7,",""
"～げ","～そう （見てその人の気持ちが感じられる様子を表す。）:Chỉ trạng thái cảm nhận được về tâm trạng của một người. Vẻ~","[い形－Bỏ い ],[な形－Bỏ な] ＋げ","彼女は悲しげな様子で話した。:Cô ấy đã nói chuyện với dáng vẻ buồn thảm.<br>彼は寂しげに、一人で公園のベンチに座っていた。:Anh ta ngồi một mình trên ghế đá công viên với vẻ khá cô đơn.<br>老人が、何か言いたげに近づいて来た。:Ông lão như muốn nói gì đó đã tiến lại gần.<br>彼は得意げな顔で、みんなに新しい家を見せた。:Anh ấy đã giới thiệu với mọi người về nhà mới với vẻ khá đắc ý.","N2","9",",173nguphapn2,lesson7,",""
"～かけだ／～かけの／～かける","～し始めて、まだ～終わっていない途中の状態を表す。:Chỉ trạng thái giữa chừng, mới bắt đầu ~, chưa kết thúc ~","[動－ます形]＋かけだ","この仕事はやりかけですから、そのままにしておいてください。:Công việc này mới bắt đầu làm nên cứ để như thế.<br>テーブルの上に飲みかけのコーヒーが置いてある。:Trên bàn có đặt một cốc café uống dở.<br>何か言いかけてやめるのはよくない。:Nói cái rồi thôi là không tốt.<br>私は子供のころ、病気で死にかけたことがあるそうだ。:Hình như lúc bé có lần bị ốm gần chết.","N2","10",",173nguphapn2,lesson7,",""
"～きる／～きれる／～きれない","すっかり～する／最後まで～できる／最後まで～できない:Hoàn toàn, hết cả ~ / đến cuối cùng có thể, không thể ~","[動－ます形]＋きる","木村さんは疲れきった顔をして帰って来た。:Anh Kimura với bộ mặt mệt phờ đã về.<br>.195キロを走りきるのは大変なことだ。:Chạy hết .195km quả là gian nan.<br>そんなにたくさん食べきれますか。:Ăn bao nhiêu hết sạch cả thế này à.<br>数えきれないほどたくさんの星が光っている。:Các vì sao nhiều không đếm hết đang toả sáng (trên bầu trời).","N2","1",",173nguphapn2,lesson8,",""
"～ぬく","最後まで頑張って～する・非常に～する:~đến cùng. Cố gắng đến cuối cùng làm ~ / Làm ~ một cách phi thường.","[動－ます形]＋ぬく","途中、失敗もありましたが、何とかこの仕事をやりぬくことができました。:Giữa chừng tuy cũng có thất bại, nhưng dù thế nào thì công việc này đã được làm đến cùng.<br>戦争の苦しい時代を生きぬいてきた人たちは、精神的にも強い。:Những người sống sót sau thời kỳ chiến tranh khổ cực thì tinh thần cũng rất mạnh mẽ.<br>これは考えぬいて、出した結論です。:Đây là kết luận rút ra sau khi đã suy nghĩ đến cùng.<br>ジョンさんは、困りぬいて相談に来た。:Anh John đã đến để trao đổi với tôi khi đã đến đường cùng.","N2","2",",173nguphapn2,lesson8,",""
"～こそ／～からこそ","強調を表す。:Thể hiện ý nhấn mạnh","[名]＋こそ/[動・い形・な形・名]の普通形＋からこそ","今度こそ試合に勝ちたい。:Muốn thắng trận trong chính năm nay.<br>これこそみんながほしいと思っていた製品です。:Đây chính là mặt hàng mà chúng tôi nghĩ mọi người đang mong đợi.<br>[どうぞよろしく。][こちらこそ。]:Mong bác giúp đỡ ạ! Chính tôi mới cần anh giúp ạ.<br>あなたが手伝ってくれたからこそ、仕事が早くできたのです。:Chính vì nhờ có anh giúp đỡ, công việc mới làm xong nhanh.","N2","3",",173nguphapn2,lesson8,",""
"～さえ／～でさえ","～も・～でも （特に、ある極端なものを例に出して、他のものも、[もちろん～]という時に使う。）:Lấy cái ví dụ cực đoan, đáo để để diễn đạt những thứ khác (ở mức độ thấp hơn) là đương nhiên.","[名]＋さえ","そこは電気さえない山奥だ。:Chỗ đó ở tít trong núi, đến điện cũng không có.<br>急に寒くなって、今朝はもうコートを着ている人さえいた。:Trời trở lạnh quá, sáng nay đã có người mặc đến áo khoác.<br>専門家でさえわからないのだから、私たちには無理でしょう。:Đến chuyên còn không hiểu thì chúng ta chịu thôi.<br>親にさえ相談しないで、結婚を決めた。:Đến bố mẹ còn trả trao đổi, đã định cưới rồi.<br>私の故郷は地図にさえ書いてない小さな村です。:Quê tôi là một làng nhỏ đến không cả có tên trên bản đồ.","N2","4",",173nguphapn2,lesson8,",""
"～など／～なんか／～なんて(1)","（例としてあげ、表現を軽く、やわらかくしたい時に使う。 ）:Dùng khi muốn nêu lên một ví dụ để muốn làm nhẹ, đánh giá thấp.","[名]＋など","「この機械に詳しい人はいませんか。」「彼など詳しいと思いますよ。 」:Có ai biết tường tận về cái máy này không? Tôi nghĩ như anh ấy là người biết rõ đấy.<br>ネクタイなんかしめて、どこ行くの。:Thắt ca vát thế này, đi đâu vậy ta?<br>お見舞いならカーネーションなんてどうかしら。:Đi thăm người ốm thì tôi phân vân xem là như (mua) hoa cẩm chướng (carnation) có được không?","N2","5",",173nguphapn2,lesson8,",""
"～など／～なんか／～なんて(2)","あまりたいしたものでないと軽視した気持ちや否定的に言う時に使う。:Dùng khi nói mang tính phủ định hoặc coi nhẹ một thứ là không quan trọng lắm.","[名]＋など","忙しくて、テレビなど見ていられない。:Bận ghê, đến như cả xem TV còn chả được.<br>本当です。うそなんかつきませんよ。:Đúng thật đấy ạ. Không nói mấy lời dối trá đâu.<br>スキーなんて簡単ですよ。だれでもすぐできるようになります。:Cỡ như trượt tuyết thì dễ không mà. Ai cũng biết trượt ngay.","N2","6",",173nguphapn2,lesson8,",""
"～に関して（は）／～に関しても／～に関する","～について（の）:Liên quan đến, về ~","[名]＋に関して","計画変更に関しては、十分検討する必要がある。:Cần phải kiểm tra kỹ càng về việc thay đổi kế hoạch.<br>外国へ行くなら言葉だけでなく、習慣に関しても知っておいたほうがいい。:Đi ra nước ngoài thì không chỉ là ngôn ngữ, cũng nên biết về tập quán của họ.<br>経済に関する本はたくさんある。:Có rất nhiều sách liên quan đến kinh tế.","N2","7",",173nguphapn2,lesson8,",""
"～に加えて／～に加え","～の上にさらに:Ngoài ra; thêm vào đó","[名]＋に加えて","電気代に加えて、ガス代までが値上がりした。:Giá điện rồi đến giá gas cũng tăng lên.<br>大気汚染が進んでいることに加え、海洋汚染も深刻化してきた。:Thêm vào việc ô nhiễm không khí ngày càng tiếp diễn, ô nhiễm biển đã nghiêm trọng hơn.","N2","8",",173nguphapn2,lesson8,",""
"～に答えて／～にこたえ／～にこたえる／～にこたえた","～に応じて （ほかからのはたらきかけに応じる。 ）:Ứng với, đối với ~ (đáp ứng với tác động từ bên ngoài)","［名］＋にこたえて","社員の要求にこたえて、労働時間を短縮した。:Đáp ứng yêu cầu của nhân viên, thời gian làm việc đã được rút ngắn.<br>国民の声にこたえた政策が期待されていす。:Một chính sách đáp ứng tiếng nói của nhân dân đang được kỳ vọng.","N2","9",",173nguphapn2,lesson8,",""
"～に沿って／～に沿い／～に沿う／～に沿った","～に従って・～のとおりに:Sở dĩ, vì vậy, do vậy, theo ~","［名］＋に沿って","決まった方針に沿って、新しい計画を立てましょう。:Theo phương châm đã quyết định, hãy lập kế hoạch mới.<br>東京都では新しい事業計画に沿い、新年度予算を立てている。:Ở Tokyo theo quy hoạch mới, dự toán ngân sách năm tài chính mới đang được lập.<br>皆様のご希望に沿う結果が出るように努力いたします。:Xin nỗ lực để đạt kết quả như hi vọng của mọi người.<br>国益に沿った外交政策が進められている。:Chính sách ngoại giao phù hợp với lợi ích quốc gia đang được áp dụng.","N2","10",",173nguphapn2,lesson8,",""
"～に反して／～に反し／～に反する／～に反した","～と反対に・～と逆に:Trái ngược với; tương phản với","［名］＋に反して","神の意向に反して、人間は自然を破壊している。:Trái với ý hướng của thần linh, con người đang phá hoại tự nhiên.<br>人々の予想に反し、土地の値段が下がりつづけている。:Ngược với dự đoán của nhiều người, giá đất đang tiếp tục giảm.<br>弟は、親の期待に反することばかりしている。:Em tớ toàn làm những việc trái với mong đợi của bố mẹ.<br>予想に反した実験結果が出てしまった。:Kết quả thực nghiệm đã trái với dự kiến.","N2","1",",173nguphapn2,lesson9,",""
"～に基づいて／～に基づき／～に基づく／～に基づいた","～を基礎にして・～を根拠にして:Lấy ~ làm cơ sở, căn cứ","［名］＋に基づいて","調査した資料に基づいて、レポートを書かなければならない。:Cần phải viết báo cáo dựa trên các tư liệu đã điều tra.<br>実際にあった事件に基づき、この映画が作られた。:Bộ phim này đã được làm ra dựa trên sự cố đã có trong thực tế.<br>彼の意見は、長い経験に基づくものだから納得できる。:Ý kiến của anh ấy dựa trên kinh nghiệm lâu dài nên có thể tin cậy được.<br>虚偽の証言に基づいたこの裁判を認めることはできない。:Không thể công nhận sự kết án dựa trên lời khai nguỵ tạo này được.","N2","2",",173nguphapn2,lesson9,",""
"～にわたって／～に渡り／～にわたる／～にわたった","時間的、空間的にその範囲全体に広がっていることを表す。:Biểu thị sự trải rông trên phạm vi toàn thể mang tính thời gian, không gian.","［名］＋にわたって","陳さんは病気のため、２か月に渡って学校を休んだ。:Anh Trần do bị bệnh nên đã nghỉ học trong suốt hai tháng.<br>西日本全域にわたり、台風の被害を受けた。:Suốt cả vùng phía tây Nhật Bản đã gánh chịu sự phá hoại của bão.<br>兄は 5時間にわたる大手術を受けた。:Anh trai đã phải phẫu thuật trong suốt 5giờ đồng hồ.<br>広範囲にわたった海の汚染が、問題になっている。:Biển ô nhiễm trong cả phạm vi rộng lớn thực sự là vấn đề (nghiêm trọng).","N2","3",",173nguphapn2,lesson9,",""
"～ばかりか／～ばかりでなく","～だけでなく・その上:Không chỉ ~, ngoài ra còn…","［動・い形・な形・名］の名詞修飾型 （ただし［名－の］の［の］はつかない。 ）","林さんのお宅でごちそうになったばかりか、おみやげまでいただいた。:Ở nhà anh Hayashi, không chỉ được ăn ngon mà còn có cả quà mang về nữa.<br>アンナさんは頭がいいばかりでなく、親切で心の優しい人です。:Cô Ana không chỉ thông minh, lại là người chu đáo, dịu dàng.<br>この地方は気候が穏やかなばかりでなく、海の幸、山の幸にも恵まれている。:Khu vực này không chỉ có khí hậu ôn hoà, còn được trời phú cho hải sản và rau quả trên núi nữa.<br>彼はサッカーばかりでなく、水泳もダンスも上手なんですよ。:Anh ấy không chỉ bóng đá mà còn bơi, nhảy đều giỏi.","N2","4",",173nguphapn2,lesson9,",""
"～はもとより／～はもちろん","～は、言う必要がないくらい当然で:~ thì đương nhiên đến mức không cần nói.","［名］＋はもとより","私が生まれた村は、電車はもとより、バスも通っていない。:Ngôi làng mà tôi đã sinh ra thì xe điện là đương nhiên, xe bus cũng không lưu thông.<br>地震で被害を受けた人々の救援のために、医者はもとより、多くのボランティアも駆けつけた。:Để cứu viện cho những người chịu thiệt hại của động đất, ban đầu là bác sĩ, sau là nhiều tình nguyện viên cũng đã đến gấp.<br>病気の治療はもちろん、予防のための医学も重要だ。:Việc trị bệnh đương nhiên là cần thiết nhưng y học dự phòng cũng quan trọng.","N2","5",",173nguphapn2,lesson9,",""
"～もかまわず","～を気にしないで・～に気を使わず平気で:Không bận tâm đến ~ / dửng dưng không đếm xỉa đến ~","［名］＋もかまわず","人の迷惑もかまわず、電車の中で携帯電話で話している人がいる。:Không cần quan tâm đến việc làm phiền người khác, vẫn có người nói chuyện di động trong tàu điện.<br>弟は家族の心配もかまわず、危険な冬山へ行こうとする。:Em trai không nghĩ đến sự lo lắng của gia đình, định đi đến khu núi tuyết đầy nguy hiểm.<br>子供は服がぬれるのもかまわず、川の中に入って遊んでいる。:Trẻ con không bận tâm đến quần ào bị ướt, đang nhảy xuống sông chơi.","N2","6",",173nguphapn2,lesson9,",""
"～をこめて","気持ちをその中に入れて:Gửi gắm tâm tư, tình cảm vào ~","［名］＋をこめて","母は私のために心をこめて、セーターを編んでくれた。:Gửi gắm tất cả tình cảm của mình, mẹ đã đan cho tôi chiếc áo len.<br>怒りをこめて、核実験反対の署名をした。:Mang sự phẫn nộ, tôi đã ký tên phản đối thử bom hạt nhân.<br>病気回復の祈りをこめて、みんなで鶴を折った。:Mọi người gấp hạc giấy gửi vào đó sự cầu mong được lành bệnh.","N2","7",",173nguphapn2,lesson9,",""
"～を通じて／～を通して(1)","その期間始めから終わりまでずっと:Trong khoảng thời gian đó từ đầu đến cuối, liên tục.","［名］＋を通じて","あの地方は、１年を通じて雨が多い。:Ở địa phương đó, trong suốt năm mưa nhiều.<br>彼を一生を通して日本との友好のために働いた。:Ông ấy đã làm việc suốt đời vì tình hữu nghị với Nhật Bản.","N2","8",",173nguphapn2,lesson9,",""
"～を通じて／～を通して(2)","直接ではなく、何かを間に入れて:Không trực tiếp, thông qua trung gian nào đó.","［名］＋を通じて","社長を忙しいから、秘書を通じて頼んだほうがいい。:Vì chủ tịch công ty bận, nên nhờ thông qua thư ký.<br>今はインターネットを通して世界中の情報が手に入る。:Bây giờ thông qua Internet mà có được thông tin của toàn thế giới.","N2","9",",173nguphapn2,lesson9,",""
"～をめぐって／～をめぐる","～を中心にそれに関係あることについて:Nói về quan hệ liên quan đến trung tâm là ~, quanh~","［名］＋をめぐって","その法案の賛否をめぐって、活発な議論が交わされた。:Vì tán thành hay phủ quyết dự luật đó mà những thảo luận sôi nổi đã được trao đổi.<br>その事件をめぐって、様々なうわさが流れている。:Có nhiều lời đồn đa dạng quanh sự kiện đó.<br>この小説は、１人の女性をめぐって、５人の男性が戦う話です。:Cuốn tiểu thuyết này là câu chuyện nói về năm người đàn ông đã giao tranh vì một người phụ nữ.","N2","10",",173nguphapn2,lesson9,",""
"～あまり","非常に～ので:Vì ~ bất thường nên…","［動－辞書形／た形］,［な形－な］,［名－の］ ＋あまり","子供の将来を思うあまり、厳しすぎることを言ってしまった。:Chỉ vì nghĩ đến tương lai của con mà tôi đã lỡ nói lời quá nghiêm khắc.<br>彼は働きすぎたあまり、過労で倒れてしまった。:Làm việc quá nhiều nên anh ấy đã bất tỉnh vì quá sức.<br>科学者である小林さんは実験に熱心なあまり、昼食をとるのを忘れることもしばしばある。:Vì nhà khoa học Kobayashi đã rất nhiệt huyết trong thực nghiệm, nhiều lần ông ấy quên cả ăn trưa.<br>驚きのあまり、声も出なかった。:Vì quá ngạc nhiên mà tôi đã không thể thốt lên lời.","N2","1",",173nguphapn2,lesson10,",""
"～一方／～一方で（は）","～のに対して （対比を表す。）:Mặt khác, trái lại… (thể hiện sự so sánh)","［動・い形・な形・名］の名詞修飾型＋一方 （ただし［な形－である］［名－である］も使う。）","私の仕事は夏は非常に忙しい一方、冬は暇になる。:Công việc của tôi thì trái với mùa hè bận túi bụi, mùa đông lại nhàn hạ.<br>日本の工場製品の輸出国である一方、原材料や農産物の輸入国でもある。:Nhật Bản là nước xuất khẩu các mặt hàng công nghệ, trái lại lại là nước nhập khẩu nguyên liệu và nông sản.<br>彼女は女優として活躍する一方で、親善大使として貧まずしい子供たちのために世界中を回っている。:Hoạt động như một nữ diễn viên, nhưng mặt khác cô ấy cũng đi vòng quanh thế giới vì trẻ em nghèo trong vai trò là đại sứ thiện chí.<br>A 国は天然資源が豊かな一方で、それを活用できるだけの技術がない。:Nước A có tài nguyên thiên nhiên phong phú nhưng lại không có kỹ thuật để khai thác tận dụng chúng.<br>地球上には豊かな人がいる一方では、明日の食べ物もない人がいる。:Trên thế giới có những người giàu, ngược lại cũng có những người không có cả thức ăn cho ngày mai.","N2","2",",173nguphapn2,lesson10,",""
"～上で（は）／～上の／～上でも／～上での(1)","～してから:Xong ~ rồi…","［動－た形］,［名－の］ ＋上で","みんなの意見を聞いた上で決めました。:Nghe ý kiến của mọi người xong rồi quyết định.<br>内容をご確認の上で、サインをお願いいたします。:Sau khi xác nhận nội dung, anh vui lòng ký tên ạ.<br>熟慮の上の結論です。:Đây là kết luận sau khi đã cân nhắc kỹ lưỡng.","N2","3",",173nguphapn2,lesson10,",""
"～上で（は）／～上の／～上でも／～上での(2)","（その時、その場面、その条件の範囲で～だ、と言いたい時に使う。）:Dùng khi muốn nói trong phạm vi của thời điểm đó, hoàn cảnh đó, điều kiện đó ~","［動－辞書形］,［名－の］ ＋上で","日本の会社で働く上で、注意しなければならないことは何でしょうか。:Làm việc trong xã hội Nhật Bản, điều cần chú ý là gì ạ?<br>法律の上では平等でも、現実には不平等なことがある。:Trong pháp luật thì là bình đẳng, hiện thực thì vẫn có những điều bất công.<br>酒の上でも、言ってはいけないことがある。:Ngay cả lúc uống rượu, cũng có những điều không được nói.<br>立春は暦の上での春です。:Lập xuân là mùa xuân trên lịch.","N2","4",",173nguphapn2,lesson10,",""
"～限り（は）／～かぎりでは／～ないかぎり（は）(1)","～する間は・～するうちは （［～かぎり（は）］が使われる。 ）:Giới hạn, hạn chế, hạn trong ~","［動－辞書形］,［い形－い］,［な形－な］,［名－の／である］ ＋かぎり","日本にいるかぎり、丹さんは私に連絡してくれるはずだ。:Chừng nào còn ở Nhật, anh Đan chắc chắn sẽ liên lạc với tôi.<br>いくら批判されても、視聴率が高いかぎり、この番組は中止されないでしょう。:Dù bị phê phán thế nào, chừng nào tỉ lệ người xem còn cao, chương trình này không thể dừng lại được.<br>学生であるかぎり、勉強するのは当然だ。:Còn là học sinh thì đương nhiên phải học rồi.<br>父は元気なかぎりは、働きたいと言っている。:Bố tôi nói là chừng nào còn khoẻ thì vẫn muốn làm việc.","N2","5",",173nguphapn2,lesson10,",""
"～限り（は）／～かぎりでは／～ないかぎり（は）(2)","範囲を示す。 （［～かぎりでは］が使われる。）:Chỉ phạm vi","［動－辞書形／た形］＋かぎりでは","私が知っているかぎりでは、この本は今年一番よく売れたそうです。:Trong phạm vi tôi được biết thì cuốn sách này nghe nói là được bán chạy nhất trong năm nay.<br>電話で話したかぎりでは、彼はそんなに怒っていませんでしたよ。:Cứ như nói chuyện trên điện thoại thì anh ấy không giận thế đâu.","N2","6",",173nguphapn2,lesson10,",""
"～限り（は）／～かぎりでは／～ないかぎり（は）(3)","限界まで （［～かぎり］が使われる。 ）:Cho đến giới hạn","［動－辞書形］,［名－の］ ＋かぎり","時間の許すかぎり、話し合いを続けましょう。:Trong giới hạn thời gian cho phép, chúng ta hãy tiếp tục trao đổi.<br>遭難者を救うために、救助隊はできる限りのことをした。:Để cứu giúp người bị nạn, đội cứu trợ đã làm hết sức có thể.<br>力のかぎり頑張ろう。:Hãy cố gắng hết sức!","N2","7",",173nguphapn2,lesson10,",""
"～限り（は）／～かぎりでは／～ないかぎり（は）(4)","～なければ （条件を示す場合は［～ないかぎり（は）］が使われる。）:Nếu không ~","［動－ない形］,［い形－く］,［な形－で］,［名詞－で］ ＋ないかぎり","雨や雪が降らないかぎり、毎日ジョギングを欠かさない。:Nếu mưa hay tuyết không rơi, tôi sẽ không bỏ chạy hàng ngày.<br>来週、仕事が忙しくないかぎり、クラス会に参加したい。:Tuần sau, nếu công việc không bận, em muốn tham gia lớp học.<br>魚は新鮮でないかぎり、刺身にはできない。:Cá mà không tươi thì không làm món sashimi được.<br>彼はよほど重病でないかぎりは、会社を休んだことがない。:Ông ấy mà không bị bệnh nặng thì không có chuyện nghỉ làm ở công ty.","N2","8",",173nguphapn2,lesson10,",""
"～（か）と思うと／～（か）と思ったら","～するとすぐ:Làm xong ~ ngay lập tức…, vừa thấy là ~ thì","［動－た形］＋（か）と思うと","リーさんは［さようなら］と言ったかと思うと教室を飛び出していった。:Vừa thấy cô Li nói [Sayounara] xong đã chạy biến ra khỏi phòng học.<br>空が暗くなったかと思ったら、大粒の雨が降ってきた。:Trời vừa tối đen cái là mưa như trút.<br>ドンと音がしたと思ったら、トラックが壁にぶつかっていた。:Vừa thấy có tiếng don một cái là xe tải đã húc vào tường.","N2","9",",173nguphapn2,lesson10,",""
"～か～ないかのうちに","～とほぼ同時に （一つのことが終わったかどうかはっきりしないうちに、続いてすぐ次のことが起きる。）:Việc này chưa qua, việc khác đã xảy ra.","［動－辞書形／た形］＋か＋［動－ない形］＋ないかのうちに","ヘビースモーカーの彼は、タバコを１本吸い終わったか終わらないかのうちに、また次のタバコに火をつけた。:Người nghiện thuốc nặng như anh ấy thì điếu này còn cháy dở đã châm điếu khác.<br>チャイムが鳴るか鳴らないかのうちに、先生が教室に入って","N2","10",",173nguphapn2,lesson10,",""
"～からいうと／～からいえば／～からいって","～の点で見ると:Nhìn từ quan điểm ~","［名］＋からいうと","中国は人口からいうと世界一だが、人口密度は日本よりずっと低い。:Trung Quốc nói về dân số thì đứng đầu thế giới, nhưng mật độ dân số thấp hơn Nhật nhiều.<br>品質からいえば、これが一番いいけれど、値段がちょっと高い。:Về chất lượng mà nói, cái này là tốt nhất rồi nhưng giá hơi đắt.<br>実力からいって、彼女が入賞することは間違いない。:Xét về thực lực mà nói, việc cô ấy nhận giải thường không có gì phải bàn cãi cả.","N2","1",",173nguphapn2,lesson11,",""
"～からといって","～だけの理由で:Chỉ vì lý do ~ ; tuy nhiên; tuy thế mà; không nhất thiết; chỉ vì; với lý do là","［動・い形・な形・名］の普通形＋からと言って","お金があるからといって偉いわけではない。:Chì vì có tiền thì không có nghĩa là người giỏi giang.<br>一度や二度失敗したからといって、あきらめてはいけない。:Chỉ vì một hai lần thất bại thì không được bỏ cuộc.<br>安いからといって、そんなにたくさん買っても無駄だ。:Rẻ thì rẻ nhưng mua nhiều đến thế này thì đúng là lãng phí.<br>便利だからといって、機械に頼りすぎないようにしたい。:Tuy tiện lợi nhưng tôi vẫn không muốn dựa quá nhiều vào máy móc.<br>子供だからといって、わがままを許すのは教育上よくない。:Chỉ vì là trẻ con mà được phép ích kỷ thì xét về giáo dục là không tốt.","N2","2",",173nguphapn2,lesson11,",""
"～から見ると／～から見れば／～から見て（も）","～から考えると:Nhìn từ ~ , xét theo ~","［名］＋から見ると","子供の教育という点からみると、豊かすぎる生活は、必ずしもいいとは言えない。:Nhìn từ quan điểm giáo dục trẻ em, chưa hẳn cuộc sống quá sung túc là tốt.<br>昨日の首相の発言から見れば、彼はこの法案に否定的な考えを持っているようだ。:Xét theo phát ngôn của thủ tướng ngày hôm qua, có vẻ như ông ấy có ý phủ quyết dự luật này.<br>あの様子から見て、彼は、昨晩飲みすぎたようだ。:Nhìn cái bộ dạng kia kìa, anh ta chắc là đêm qua quá chén rồi.<br>どこから見ても、あの人は紳士だ。:Dù theo khía cạnh nào, ông kia là người lịch thiệp.","N2","3",",173nguphapn2,lesson11,",""
"～きり（だ）(1)","～だけ:Chỉ có ~","［動－辞書形／た形］,［名］ ＋きり","彼女は、何を聞いても笑っているきりで、答えない。:Cô ấy nghe gì cũng chỉ cười, chả đáp lại lời nào.<br>今朝コーヒーを飲んだきりで、何も食べていない。:Sáng nay chỉ có uống café, chả ăn gì.<br>子供たちが独立してから、夫婦二人きりの生活です。:Con cái mà ra ở riêng, chỉ có hai vợ chồng sống với nhau.","N2","4",",173nguphapn2,lesson11,",""
"～きり（だ）(2)","～たままの状態が続いている。:Trạng thái ~ cứ thế tiếp diễn","［動－た形］＋きり","寝たきり老人が増えている。:Người già ốm nằm liệt giường đang tăng lên.<br>あの人は、アメリカへ行ったきりだ。:Người kia đi Mỹ vẫn chưa về.","N2","5",",173nguphapn2,lesson11,",""
"～くせに","～のに・～にもかかわらず （軽蔑・非難する気持ちを表す。）:Dù, mặc dầu, lại còn, ngay cả ~ (Diễn tả tâm trạng khinh miệt, quở trách)","［動・い形・な形・名］の名詞修飾型＋くせに","よく知らないくせに、あの人は何でも説明したがる。:Dù là chả biết mấy, ông kia cái gì cũng muốn giải thích.<br>彼は、若いくせにすぐ疲れたと言う。:Anh ấy dù là trẻ nhưng hơi tí là kêu mệt.<br>父は下手なくせにカラオケが大好きなんです。:Bố tôi dù hát dở nhưng rất khoái karaoke.<br>彼は学生のくせに高級車に乗っている。:Anh ta dù là sinh viên nhưng toàn lên xe xịn.","N2","6",",173nguphapn2,lesson11,",""
"～ことから","ので （その理由を述べて後ろの文の根拠を示す。）:Bởi vì ~ (Nói lí do là căn cứ cho câu sau)","［動・い形・な形・名］の名詞修飾型＋ことから （ただし［名－の］の形は使わない。 ［名－である］を使う。［な形－である］も使う。）","道がぬれていることから、昨夜、雨が降ったことがわかった。:Vì là đường ướt nên biết là đêm qua trời mưa.<br>二人が一緒に仕事をしたことから、交際が始まった。:Hai người đã làm việc cùng nhau nên đã bắt đầu thiết lập quan hệ.<br>この鳥は目のまわりが白いことから、メジロと呼ばれている。:Con chim này quanh mắt màu trắng nên được gọi là chim mắt trắng (目白).<br>この村の老人が皆元気なことから、村の食習慣が体にいいと考えられている。:Những người già trong làng này đều khoẻ mạnh, có thể hiểu là tập quán ăn uống của làng này tốt cho cơ thể.","N2","7",",173nguphapn2,lesson11,",""
"～ことに（は）","（話者の気持ち・感情を先に述べて強調する時に使う。）:Đặc biệt là; một cách đặc biệt; đặc biệt (Nhấn mạnh trước cảm tình, tâm trạng người nói)","［動－た形］,［い形－い］,［な形－な］ ＋ことに","驚いたことに、私の祖父と恋人のおじいさんは小学校時代の友達だったそうだ。:Ngạc nhiên quá cơ, nghe nói ông tôi và ông của người yêu lại là bạn hồi tiểu học.<br>ありがたいことに、奨学金がもらえることになった。:Vui thế chứ, thế là đã nhận được học bổng.<br>火事になったが、幸いなことには火はすぐ消し止められた。:Đám cháy đã xảy ra nhưng may ơi là may, lửa bị dập tắt ngay.","N2","8",",173nguphapn2,lesson11,",""
"～上（は）／～上も／～上の","～の視点から考えて:Xét từ quan điểm~","［名］＋上","京都には歴史上有名なお寺が数多くある。:Kyoto xét về mặt lịch sử thì có rất nhiều chùa nổi tiếng.<br>これは理論上は可能だが、実用化には時間がかかりそうだ。:Cái này về lý thuyết thì có thể đấy, nhưng làm thực tế thì có vẻ tốn thời gian.<br>男女差別は法律上も許されない。:Phân biệt nam nữ thì về mặt pháp luật cũng không được phép.<br>健康上の理由で会社を辞めた。:Vì lí do về mặt sức khoẻ nên đã nghỉ làm.","N2","9",",173nguphapn2,lesson11,",""
"～た末（に）／～た末の／～の末（に）","長い間～をしたあとで:Rất lâu sau khi ~","［動－た］,［名］の ＋末","いろいろ考えた末、会社を辞めることにした。:Sau khi đã suy nghĩ rất nhiều, tôi đã nghỉ việc.<br>苦労した末の成功は、何よりもうれしいものだ。:Thành công sau rất nhiều gian khó thử thách thì hạnh phúc hơn bắt cứ thứ gì.<br>長期にわたる論議の末に、入試制度が改革されることになった。:Sau quá trình tranh luận lâu dài, chế độ thi tuyển đã được cải thiện.","N2","10",",173nguphapn2,lesson11,",""
"～たところ","～たら （あることをしたら、その結果がどうなったかを表す表現。）:Sau ~ (sau khi làm cái đó thì kết quả sẽ như thế nào đó)","［動－た形］＋ところ","新しいワープロを使ってみたところ、とても使いやすかった。:Thử dùng cái máy tính mới xong mới biết là nó dễ sử dụng thế.<br>コンピューターが動かず、どうしていいか困っていたところ、山田さんが助けてくれた。:Máy tính tịt, khốn khổ không biết làm thế nào thì được bác Yamada giúp.","N2","1",",173nguphapn2,lesson12,",""
"～ついでに","（あることをする時にその機械を利用してもう一つのこともすることを表す。）:Nhân tiện; tiện thể (Lúc làm việc gì đó, lợi dụng cơ hội đó làm một việc khác)","［動－辞書形／た形］,［名－の］ ＋ついでに","銀行へ行くついでにこの手紙を出してくれませんか。:Tiện thể đến ngân hàng anh gửi cho em lá thư này được không ạ?<br>デパートへ買い物に行ったついでに、着物の展示会を見て来た。:Tiện thể đi siêu thị mua đồ, tôi đã đến xem triển lãm kimono.<br>買い物のついでに本屋に寄った。:Tiện thể đi mua sắm, tôi đã ghé vào hiệu sách.","N2","2",",173nguphapn2,lesson12,",""
"～というと／～といえば(1)","（その話題に関係する代表的なものを取り上げる時に使う。）:Lấy lên một ví dụ làm đại diện liên quan đến chủ đề ~.","［名］＋というと","スポーツの祭典というと、まずオリンピックですね。:Nói về ngày hội thể thao thì trước hết phải là Olympic nhỉ?<br>古典芸能といえば、何といっても歌舞伎でしょう。:Về nghệ thuật cổ điển, nói gì thì nói phải là Kabuki.","N2","3",",173nguphapn2,lesson12,",""
"～というと／～といえば(2)","（ある話題から思い出したこと、連想したことを取りあげる時に使う。）:Từ một chủ đề nhớ ra, liên tưởng đến ~","［動・い形・な形・名］の普通形＋といえば （ただし［名］の［だ］はつかない。）","昨日、ジョンさんに会いましたよ。そうですか。ジョンさんといえば A 社に就職が決まったそうですね。:Hôm qua, tớ gặp anh John đấy, Thế à, anh John à, hình như đã được nhận vào làm ở công ty A.<br>イタリアといえば、パスポートを落として困ったことを思い出します。:Nói về Italia, lại nhớ cái lần khốn khổ vì mất hộ chiếu.<br>最近水道の水がまずいですね。水がまずいといえば、最近いい浄水器が出たそうですよ。:Gần đây nước máy chán nhỉ. Nước chán à, gần đây mới có loại máy lọc hay lắm đấy.","N2","4",",173nguphapn2,lesson12,",""
"～といったら","Nói về cảm xúc thán phục, ngạc nhiên, ngoài mong đợi (cả tiêu cực và tích cực","［名］＋といったら","息子の部屋の汚いことといったら、ひどいものです。:Về độ bẩn của phòng con giai tôi thì rất kinh khủng.<br>その景色の美しさといったら、口で言い表せないほどです。:Nói về cái đẹp của cảnh sắc ở đấy thì chả lời nào tả được.","N2","5",",173nguphapn2,lesson12,",""
"～というより","Là ~ , nhưng cái nói đằng sau mới là thích đáng hơn","［動・い形・な形・名］の普通形＋というより （ただし［な形］と［名］は［だ］がつかないことが多い。）","彼の言い方は勧めているというより、強制しているようだ。:Cách nói của anh ta có vẻ là đang thuyết phục nhưng thực ra là đang cưỡng ép mọi người.<br>冷房がききすぎて、涼しいというより寒い。:Điều hoà bật mạnh quá, lạnh chứ không phải mát nữa.<br>あの人はきれいというより上品だ。:Người kia nói là quý phái thì đúng hơn là đẹp.<br>あの人は学者というよりタレントだ。:Bảo ông kia là học giả, nhưng phải gọi là ngôi sao truyền hình mới đúng.","N2","6",",173nguphapn2,lesson12,",""
"～ば～ほど","（一方の程度が高くなると、もう一方の程度も高くなる。）:Càng ~ càng ~ . Mặt này có mức độ cao lên, thêm một mặt khác cũng có mức độ cao lên.","［動－ば］＋［動－辞書形］＋ほど,［い形－ければ］＋［い形－い］＋ほど,［な形－なら／であれば］＋［な形－な／である］ ＋ほど,［名－なら／であれば］＋［名－である］＋ほど","練習すればするほど上手になります。:Càng luyện tập thì càng giỏi.<br>給料は高ければ高いほどいいですね。:Lương càng cao càng tốt.<br>歯の治療は早ければ早いほどいい。:Chữa răng thì càng nhanh càng tốt.<br>家庭の電気製品は操作が簡単なら簡単なほどいい。:Đồ điện trong gia đình thì sử dụng càng đơn giản càng tốt.<br>有名人であればあるほどストレスも大きいのではないだろうか。:Chả phải càng nổi tiếng thì sức ép càng nhiều sao.","N2","7",",173nguphapn2,lesson12,",""
"～ほど","（一方の程度が変わると、一緒に他方の程度も変化する。）:Mặt này có mức độ thay đổi, cùng lúc một mặt khác cũng thay đổi mức độ.","［動－辞書形］,［い形－い］,［な形－な］,［名］ ＋ほど","相撲では、太っているほど有利だ。:Sumo thì càng béo càng có lợi.<br>値段が高いほど品物がいいとは限らない。:Không hẳn cứ giá cao thì hàng tốt đâu.<br>推理小説は複雑なほど面白い。:Tiểu thuyết trinh thám thì càng phức tạp càng hấp dẫn.<br>頭がいい人ほど自慢しない。:Người càng thông minh càng không tự mãn.","N2","8",",173nguphapn2,lesson12,",""
"～かのようだ／～かのような／～かのように","実際にはそうではないが、～のようだ:Thực tế thì không phải vậy nhưng có vẻ như là ~","［動・い形・な形・名］の普通形＋かのようだ （ただし、［な形－だ］［名－だ］は［な形－である］［名－である］となるが、［である］がない場合もある。）","激しい雨と風は、まるで台風が来たかのようだ。:Gió mưa dữ dội quá, như là bão về thật ấy.<br>彼はそのことについては、何も知らないかのような顔をしている。:Anh ta với vấn đề này thì ngoài mặt tỏ ra như là chả biết cái gì.<br>不動産屋は、その土地が交通の便がいいかのように宣伝していた。:Văn phòng bất động sản thì tuyên truyền như là giao thông ở khu vực đó thì tiện lắm.<br>１か月ぶりに会った彼は、病気だったかのようにやつれていた。:Sau một tháng không gặp mà anh ta tiều tuỵ như là vừa ốm dậy.<br>彼は自分の考えが絶対であるかのように主張して譲らない。:Anh ta thì chả nhường ai cả, khư khư với cách nghĩ của mình là tuyệt đối.","N2","9",",173nguphapn2,lesson12,",""
"～つつある","（だんだん）＋ている:Dần dần đang","［動－ます形］＋つつある","景気は徐々に回復しつつある。:Tình hình đang từ từ được khôi phục.<br>問題は改善されつつあるが、時間がかかりそうだ。:Vấn đề đang được cải thiện đấy, nhưng có vẻ còn mất thời gian.<br>事件の真相は明らかになりつつある。:Chân tướng của sự việc đang dần trở nên rõ ràng.<br>失われつつある伝統文化を守ろうと努力している人もいる。:Vẫn có những người đang nỗ lực để bảo vệ văn hoá truyền thống đang dần mai một.","N2","10",",173nguphapn2,lesson12,",""
"～てたまらない／～てしようがない","Không thể kìm nén được","［動－て形］,［い形－くて］,［な形－で］ ＋たまらない","頭痛がしてたまらないので、近くの病院に行った。:Do đau đầu không chịu được tôi đã phải đi bệnh viện gần nhà.<br>家族からの手紙を読んでいたら、声が聞きたくてたまらなくなった。:Lúc đang đọc thư nhà, thèm nghe tiếng nói ở nhà thế.<br>大学に合格して、うれしくてたまらない。:Đỗ đại học, không thể kìm được sung sướng.<br>買ったばかりの時計をなくしてしまって、残念でたまらない。:Cái đồng hồ vừa mới mua lại bị mất, tiếc ơi là tiếc.<br>ビデオカメラが欲しくてしようがない。:Thèm một cái máy quay phim quá cơ.<br>窓を開けると、電車の声がうるさくてしようがない。:Khi mở cửa sổ ra, không thể chịu nổi tiếng ồn của tàu điện.","N2","1",",173nguphapn2,lesson13,",""
"～てならない","非常に～ （ある気持ちが自然に強くなってくる状態を表す。）:~ một cách phi thường (Chỉ cảm xúc mạnh lên một cách tự nhiên)","［動－て形］,［い形－くて］,［な形－て］ ＋ならない","交通事故で両親を亡くした子供がかわいそうに思えてならない。:Không thể kìm lòng trước những đứa trẻ mất bố mẹ do tai nạn giao thông.<br>国の家族のことが思い出されてならない。:Không thể kìm được nỗi nhớ gia đình ở trong nước.<br>久しぶりに国の友達に会うのでうれしくてならない。:Tôi không thể kìm được sung sướng khi đã lâu mới gặp được người bạn trong nước.<br>母の病気が心配でならない。:Bệnh tình của mẹ không thể không lo lắng được.","N2","2",",173nguphapn2,lesson13,",""
"～にきまっている","必ず～だ・当然～だと思う:Nghĩ ~ là nhất định, đương nhiên","［動・い形・な形・名］の普通形＋にきまっている （ただし［名］と［な形］は［だ］がつかない。）","ぜんぜん練習していないんだから、今度の試合は負けるにきまっている。:Vì chả luyện tập tí nào, trận đấu năm nay nhất định là thua.<br>実力から見て、A チームが勝つにきまっている。:Nhìn vào thực lực thì đội A nhất định thắng.<br>注文服だから、高いにきまっている。:Quần áo đặt mà, đắt là phải.<br>そんなうまい話はうそにきまっていますよ。:Nói dễ nghe thế này nhất định là điêu.","N2","3",",173nguphapn2,lesson13,",""
"～にすぎない","ただ～だけだ・それ以上のものではない:Chỉ, không nhiều hơn ~","［動－普通形］,［な形－である］,［名／名－である］ ＋にすぎない","私は警官としてしなければならないことをしたにすぎません。:Tôi đã chỉ làm những việc cần làm với tư cách cảnh sát.<br>男女平等と言われているが、法律上平等であるにすぎない。:Được nói là bình đẳng nam nữ đấy nhưng chỉ là bình đẳng trên luật pháp thôi.<br>来年大地震があるというのは、うわさにすぎない。:Nói là sang năm có động đất lớn thì chỉ là tin đồn không hơn.<br>これは少年犯罪の一例にすぎない。:Đó chỉ là một ví dụ về tội phạm thiếu niên thôi.","N2","4",",173nguphapn2,lesson13,",""
"～に相違ない","確かに～だろう・間違いなく～だと思う:Chắc đúng là ~, Nghĩ ~ là không sai được","［動・い形・な形・名］の普通形＋に相違ない （ただし［な形］と［名］の［だ］はつかない。）","そんな非常識な要求は認められないに相違ない。:Yêu cầu thiếu tri thiếu biết thế này đúng là không thể chấp nhận được.<br>この地域の民族紛争を解決するのは難しいに相違ない。:Giải quyết xung đột sắc tộc ở khu vực này chắc là khó khăn.<br>今日の判決は、彼にとって不満に相違ない。:Về phán quyết hôm nay, với anh ta khó mà thoả mãn.<br>この土器は古い時代のものに相違ない。:Đồ gốm này ắt hẳn là thứ đồ cổ.","N2","5",",173nguphapn2,lesson13,",""
"～に違いない","確かに～と思う:Nghĩ chính xác là ~","［動・い形・な形・名］の普通形＋に違いない （ただし［な形］と［名］の［だ］はつかない。）","かぎがない。どこかに落としたに違いない。:Không có chìa khoá. Đúng là rơi đâu rồi.<br>山田さんが持って来てくれたワインは相当高かったに違いない。味も香りもすばらしかった。:Chai vang bác Yamada mang cho khá đắt đây. Vị lẫn mùi thơm thật tuyệt.<br>老人の昔話は子供には退屈に違いない。:Những câu chuyện ngày xưa của các cụ với trẻ con đúng là chán ngắt.<br>医者の話し方からすると、私は、癌に違いありません。:Theo cách nói của bác sỹ thì tôi đúng bị ung thư rồi.","N2","6",",173nguphapn2,lesson13,",""
"～べき／～べきだ／～べきではない","そうするのが人間として当然だ・～したほうがいい:Làm như thế là đương nhiên, nên làm ~","［動－辞書形］＋べき （［するべき］は［すべき］も使われる。）","書く前に注意すべき点を説明します。:Trước khi viết thì tôi xin giải thích các điểm cần chú ý.<br>言うべきことは遠慮しないではっきり言ったほうがいい。:Những điều nên nói thì nên không ngại ngần nói rõ ràng ra.<br>どんなに親しい仲でも、借りた物はきちんと返すべきだ。:Dù là người thân mức nào đồ mượn thì nên trả lại cẩn thận.<br>若いうちに、外国語を勉強しておくべきだった。:Khi còn trẻ nên học ngoại ngữ trước.<br>先生のお宅に、こんな夜中に電話するべきではない。:Không nên điện thoại đến nhà thầy lúc nửa đêm thế này.","N2","7",",173nguphapn2,lesson13,",""
"～（より）ほか（は）ない／～ほかしかたがない","～する以外に方法がない:Chả có cách nào khác là ~","［動－辞書形］＋ほかない","だれにも頼めないから、自分でやるほかはない。:Không nhờ ai được, không có cách nào ngoài tự làm cả.<br>私の不注意で壊したのだから、弁償するほかない。:Vì tôi bất cẩn làm hỏng nên ắt phải đền thôi.<br>これだけ探しても見つからないのだから、あきらめるよりほかない。:Tìm đến mức này mà không ra thì chả có cách gì hơn là bỏ cuộc.<br>この病気を治すためには、手術するほかしかたがないでしょう。:Để chữa bệnh này thì ngoài phẫu thuật ra không có cách nào khác.","N2","8",",173nguphapn2,lesson13,",""
"～向きだ／～向きに／～向きの","～にちょうどいい・～に適している:Vừa đẹp với ~, thích hợp với~","［名］＋向きだ","このスキー場は初心者向きです。:Khu trượt tuyết này thích hợp với người mới tập.<br>この別荘は夏向きにできているので、冬は寒いです。:Khu biệt thự này được xây dành cho mùa hè nên mùa đông thì lạnh.<br>これは体力が必要なので、どちらかというと若い人向きの仕事です。:Vì ở đây cần có thể lực nên nói gì thì nói đây là công việc dành cho người trẻ.","N2","9",",173nguphapn2,lesson13,",""
"～向けだ／～向けに／～向けの","～に適するように特に作った:Để thích hợp với ~ mà đã đặc biệt tạo ra.","［名］＋向けだ","ここにある軽量のクリスマスカードは、みんな海外向けだ。:Lượng nhỏ thiếp giáng sinh ở đây là hướng tới mọi người ở hải ngoại.<br>高齢者向けに、安全や住みやすさを考えた住宅が開発されている。:Hướng tới người cao tuổi, các nhà ở được xét về an toàn và dễ sinh sống đang được phát triển.<br>日本から 1日2時間 A 国向けの番組が放送されている。:Chương trình dành cho nước A mỗi ngày 2h đang được phát đi từ Nhật Bản.<br>あちらに外国人向けのパンフレットが用意してあります。:Các tờ rơi dành cho người nước ngoài được sắp ở đằng kia.","N2","10",",173nguphapn2,lesson13,",""
"～もの（です）か","決して～ない （強い否定の意味を表す。）:Quyết không ~ (Ý phủ định mạnh)","名詞修飾型＋ものか （ただし［名－の］は［名－な］になる。）","あの人が人の忠告なんか聞くものですか。:Người kia quyết không nghe lời khuyên của người khác.<br>歯医者に行くのがこわいんでしょう。こわいもんか。時間がないだけだよ。:Đi nha sĩ thì sợ à. Sợ đâu. Không có thời gian thôi.<br>ご迷惑じゃありませんか。迷惑なものですか。ぜひいらっしゃってください。:Không biết có phiền bác không? Phiền là phiền là thế nào. Nhất định đến đấy nhé.<br>あの絵が名作なものか。ピカソの模倣にすぎない。:Bức tranh kia nhất định không phải danh tác. Chỉ là mô phỏng bức của Picasso thôi.","N2","1",",173nguphapn2,lesson14,",""
"～ものだ／～ものではない(1)","（感嘆・嘆息・心に深く感ずることを表す。）:Thể hiện cảm xúc mạnh, cảm thán, thở dài","［動・い形・な形］の名詞修飾型＋ものだ","あんな大事故にあって、よく助かったものだ。:Gặp tai nạn lớn thế mà được cứu sống hết.<br>いつか京都に行ってみたいものだ。:Lúc nào đấy rất muốn đi Kyoto.<br>時間のたつのは早いものですね。:Thời gian trôi qua thật là nhanh nhỉ.","N2","2",",173nguphapn2,lesson14,",""
"～ものだ／～ものではない(2)","（当然・常識と思えることを言う時の表現。）:Nói về thứ được coi là tự nhiên, thướng thức","［動・い形・な形］の名詞修飾型＋ものだ","地震の時は、だれでも慌てるものだ。:Lúc động đất thì ai cũng cuống cuồng.<br>年末は、だれでも忙しいものだ。:Cuối năm thì ai cũng bận.","N2","3",",173nguphapn2,lesson14,",""
"～ものだ／～ものではない(3)","（助言・軽い命令を表す。 ）:Lời khuyên, mệnh lệnh nhẹ nhàng","［動－辞書形］＋ものだ","人の話はよく聞くものです。:Cần phải nghe kỹ câu chuyện của người khác.<br>人の陰口を言うものではありません。:Không được nói xấu sau lưng người khác.","N2","4",",173nguphapn2,lesson14,",""
"～ものだ／～ものではない(4)","（過去の状態やよく起こったことを思い出して言う時の表現。）:Nhớ về việc đã xảy ra lâu trong quá khứ","［動・い形・な形］の普通形の過去＋ものだ","子供のころ、いたずらをして、よく父に叱られたものだ。:Hồi bé thường nghịch ngợp, hay bị bố mắng.<br>この辺は、昔は静かだったものだ。:Khu này trước đây yên tĩnh lắm.","N2","5",",173nguphapn2,lesson14,",""
"～わけだ(1)","（理由があるから、そうなるのは当然だと言いたい時に使う。 ）:Vì có lý do nên muốn nói như thế là đương nhiên.","［動・い形・な形］の名詞修飾型＋わけだ","暗いわけだ。蛍光灯:けいこうとう<br>が１本切れている。<br>Tối là phải. Một bóng đèn huỳnh quang bị cháy.<br>ジョンさんは、お母さんが日本人ですから、日本語が上手なわけです。:Anh John có mẹ là người Nhật nên tiếng Nhật giỏi là phải.","N2","6",",173nguphapn2,lesson14,",""
"～わけだ(2)","（成り行きから、そうなると言いたい時の表現。）:Do quá trình, nên muốn nói sự việc trở nên thế. Tức là ~, là thế","［動・い形・な形］の名詞修飾型＋わけだ","５パーセントの値引きというと、１万円の物は 9500 円になるわけですね。:Nói là giảm 5% giá, tức là hàng 1 man thì còn 9500Y nhỉ.<br>はじめは観光旅行のつもりで日本へ遊びに来たんですが、日本が好きになり、とうとう１０年も日本に住んでしまったわけです。:Ban đầu đến Nhật là định du lịch ngắm cảnh quan, đâm ra thích Nhật Bản, cuối cùng là sống đến 10 năm ở Nhật là như thế.","N2","7",",173nguphapn2,lesson14,",""
"～わけではない／～わけでもない","特に～ではない・必ずしも～ではない:Không nhất thiết là ~, không phải là ~","［動・い形・な形］の名詞修飾型＋わけではない","生活に困っているわけではないが、貯金する余裕はない。:Cuộc sống không phải là khó khăn nhưng cũng không có dư ra để dành.<br>彼の気持ちがわからないわけでもありませんが、やはり彼の意見には賛成できません。:Không phải là tôi không hiểu tâm trạng anh ấy, nhưng mà rõ ràng tôi cũng không tán thành ý kiến anh ta.<br>甘い物が嫌いなわけではありませんが、ダイエットしているんです。:Không phải tôi ghét đồ ngọt đâu nhưng mà đang ăn kiêng.","N2","8",",173nguphapn2,lesson14,",""
"～っけ","（思い出そうとした、思い出したことを確認する時に使う。）:Đang nhớ ra, nhớ lại và muốn xác nhận lại","［動・い形・な形・名］の普通形＋っけ （ただし［～でしたっけ］［～ましたっけ］も使う。）","彼にはまだパーティーの場所を知らせていなかったっけ。:Hình như tôi chưa báo cho anh ấy địa điểm liên hoan hay sao ấy.<br>学生時代は楽しかったね。そうそう、一緒によく卓球したっけね。:Lúc học sinh vui thật đấy nhỉ. Ừa ừa, mình cùng nhau hay chơi bóng bàn hay sao ấy nhỉ.<br>あのレストランで送別会しない。あそこ 50 人入れるほど広かったっけ。:Không tổ chức tiệc chia tay ở nhà hàng đó. Đằng kia hình như chứa được tầm 50 người, rộng rãi lắm.<br>そうだ。今日はお母さんの誕生日だっけ。:Ừ nhỉ, hôm nay là sinh nhật mẹ hay sao ấy.","N2","9",",173nguphapn2,lesson14,",""
"～とか","～そうだ・～ということだ （間接的情報を表す。）:Nghe nói là ~ (chỉ thông tin mang tính gián tiếp)","［動・い形・な形・名］の普通形＋とか","新聞によると、国内線の飛行機運賃が上がるとか。:Thấy báo nói giá cước vận chuyển hàng không tuyến nội địa tăng giá thì phải.<br>先生は来週、お忙しいとか。お宅に伺うのは、再来週にしませんか。:Thầy giáo tuần sau bận thì phải ạ. Hay để tuần sau nữa em đến thăm nhà ạ.<br>昨日はこの冬一番の寒さだったとか。:Hôm qua thấy bảo là lạnh nhất mùa đông năm nay.<br>木村さんのお父さんも学校の先生だとか伺いました。:Nghe nói bố của anh Kimura cũng là thầy giáo.<br>近々日本へいらっしゃるとか。ぜひお会いしたいものです。（手紙）:Nghe thấy gần đây bác vẫn đến Nhật. Nhất định em muốn được gặp.","N2","10",",173nguphapn2,lesson14,",""
"～どころではない／～どころではなく","事情があって、～できない:Có lý do, chịu không thể ~","［動－辞書形］,［名］ ＋どころではない","人の仕事を手伝うどころではありません。自分の仕事も間に合わないんです。:Việc của người khác thì chịu không giúp được rồi. Việc của mình còn đang lỡ dở đây.<br>せっかく海へ行ったのに、寒くて泳ぐどころではなかった。:Khó khăn lắm mới đi được biển, thế mà lạnh quá không thể bơi được.<br>年末から母の入院で、お正月どころではありませんでした。:Từ cuối năm mẹ phải nhập viện, chả còn Tết nhất gì cả.<br>引っ越しの前の晩は、食事どころではなく、夜遅くまで荷作りが終わらなかった。:Đêm trước khi chuyển nhà thì chả có thời gian mà ăn uống, đóng đồ đến đêm muộn mà chả xong.","N2","1",",173nguphapn2,lesson15,",""
"～からして(1)","（一つの例をあげて、ほかももちろんだがという気持ちを表す。）:Đưa ra một ví dụ, nghĩ là những cái khác là đương nhiên. Ngay cả ~","［名］＋からして","彼は礼儀を知らない。あいさつからして、きちんとしていない。:Anh ta chả biết lễ nghi gì cả. Đến chào hỏi còn chả thèm.<br>田舎は空気からして違う。:Ở quê thì ngay cả không khí cũng khác.<br>この映画はこわいそうですね。題名からしてこわそうですね。:Bộ phim này có vẻ ghê nhỉ. Ngay cái tít thôi cũng sợ rồi.","N2","2",",173nguphapn2,lesson15,",""
"～からして(2)","～から判断して （推量の根拠を示す。）:Từ ~ mà phán đoán… (chỉ căn cứ của suy đoán)","［名］＋からして","窓ガラスが破られていることからして、泥棒はここから行ったに違いない。:Nhìn kính cửa sổ vỡ thế này, chắc hẳn kẻ trộm đã vào theo đường này.<br>彼の健康状態からして、登山は無理だろう。:Xem tình trạng sức khoẻ anh ta thế, leo lúi làm sao được.","N2","3",",173nguphapn2,lesson15,",""
"～からすると／～からすれば(1)","～の立場から見ると:Nhìn từ lập trường của ~","［名］＋からすると","親からすると、子供はいくつになっても子供で、心配なものだ。:Với bố mẹ thì con cái có lớn thế nào thì vẫn lo lắng cho chúng.<br>日本人からすれば当たり前なことでも、外国人にとっては変だと思うこともある。:Theo cách nhìn của người Nhật, có những việc là đương nhiên nhưng đối với người nước ngoài lại nghĩ là lạ lẫm.","N2","4",",173nguphapn2,lesson15,",""
"～からすると／～からすれば(2)","～から判断すると （推量の根拠を示す。）:Phán đoán từ ~ (Chỉ căn cứ cho suy luận)","［名］＋からすると","あの車は形からすると 10 年ぐらい前のものだと思う。:Nhìn vào hình dáng của cái ô tô kia, tôi nghĩ nó là vật từ 10 năm trước.<br>彼女の能力からすれば、A 大学に十分合格できるだろう。:Xét về năng lực của cô ấy, chắc là đủ sức đỗ đại học A.","N2","5",",173nguphapn2,lesson15,",""
"～からには／～からは","～のだから当然:Chừng nào ~ , vì là ~, đương nhiên","［動・い形・な形・名］の普通形＋からには （ただし［な形］と［名］は［である］を使う。）","試合に出るからには、勝ちたい。:Đã tham gia vào cuộc chơi, tất nhiên là muốn thắng.<br>約束したからには、守らなければいけない。:Đã hứa rồi thì phải giữ lời.<br>高価なものがこんなに安いからには、何か欠陥があるに違いない。:Đồ đắt giá mà giá rẻ thế này hẳn là có khiếm khuyết gì đây.<br>自分で選んだ道であるからには、最後までやりぬくつもりだ。:Vì là con đường tự mình chọn, tôi định sẽ thực hiện đến cùng.<br>日本に来たからは、自分の専門の勉強だけでなく日本の文化も学ぼう。:Vì đã đến Nhật rồi thì không chỉ học về chuyên môn của bản thân mà còn muốn học về văn hoá Nhật nữa.","N2","6",",173nguphapn2,lesson15,",""
"～ことだから","（皆が知っている理由を示す。後ろに推量の文がくる。）:Trình bày lý do mà mọi người đều biết, theo sau là câu suy luận.","［名－の］＋ことだから","子供のことだから、少しぐらいいたずらをしても仕方がないです。:Vì là trẻ con nên có nghịch một tí cũng không có cách nào.<br>あなたのことだからきっといい論文が書けると思います。:Anh thì em nghĩ chắc chắn sẽ viết được một luận văn tốt.<br>心の優しい林さんのことだから、喜んでボランティアに参加してくれるでしょう。:Vì là anh Hayashi người có trái tim nhân hậu nên là anh ấy sẽ rất vui tham gia vào công việc tình nguyện.","N2","7",",173nguphapn2,lesson15,",""
"～だけ／～だけあって／～だけに／～だけの(1)","～にふさわしく （［～だけ］［～だけあって］［～だけに］［～だけの］が使われる。）:Phù hợp với, quả đúng là, đúng là….có khác","［動・い形・な形・名］の名詞修飾型＋だけ （ただし［名－の］の［の］はつかない。）","この仕事は努力しただけ成果が現れるので、やりがいがある。:Công việc này có thành quả thể hiện ra phù hợp với những nỗ lực bỏ ra nên tôi thấy rất có ý nghĩa.<br>この大学は歴史が長いだけあって伝統がある。:Trường Đại học này có bề dày truyền thống tương xứng với chiều dài lịch sử<br>彼女はアメリカに留学しただけに英語がうまいね。:Quả đúng là đã từng du học ở Mỹ , cô ấy rất giỏi tiếng Anh<br>林さんはセールスマンだけに話が上手だ。:Quả đúng là Salesman, anh Hayashi nói chuyện rất hay.<br>さすがに最高級と言われるワインだけのことはある。味も香りもすばらしい。:Đúng là loại vang được mệnh danh là cao cấp nhất. Cả hương và vị đều rất tuyệt vời.","N2","8",",173nguphapn2,lesson15,",""
"～だけ／～だけあって／～だけに／～だけの(2)","～だからいっそう （［～だけに］が使われる。）:Chính vì là…nên càng…","［動・い形・な形・名］の名詞修飾型＋だけ （ただし［名－の］の［の］はつかない。）","今日の試合は優勝がかかっているだけに大勢のファンが詰めかけ熱烈な応援をしていた。:Trận đấu lần này chính vì là quyết định xem đội nào sẽ vô địch nên lượng người hâm mộ tập trung để<br>cổ vũ càng đông đảo và cuồng nhiệt.<br>昨年はみかんが不作で、値段が高かっただけに今年の豊作がうれしい。:Chính vì năm ngoái mất mùa quýt, giá cao nên năm nay được mùa tôi lại càng vui.","N2","9",",173nguphapn2,lesson15,",""
"～だけ／～だけあって／～だけに／～だけの(3)","～の限度まですべて （［～だけ］［～だけの］が使われる。）:Tất cả cho đến giới hạn…","［動・い形・な形］の名詞修飾型＋だけ","考えるだけ考えたが結論は出なかった。:Tôi đã nghĩ hết nước có thể nhưng cũng không ra được kết luận.<br>欲しいだけ本が買えたらどんなにいいだろう。:Giá mà tôi có thể mua tất cả sách mình mong muốn thì tốt biết mấy.<br>普段は忙しくて寝る時間も十分ないので、休みの日は好きなだけ寝ています。:Ngày thường tôi rất bận rộn đến thời gian ngủ cũng không đủ, cho nên ngày nghỉ tôi ngủ bao nhiêu tùy thích.<br>目標を達成するためには、できるだけの努力をするつもりです。:Để đạt được mục tiêu, tôi sẽ nỗ lực hết khả năng có thể.","N2","10",",173nguphapn2,lesson15,",""
"～にあたって／～に当たり","～の時に （何かをすべき特別の機会や場合を示す。）:Trong khi… (Dùng trong trường hợp, cơ hội đặc biệt)","［動－辞書形］,［名］ ＋にあたって","開会にあたって、ひとことごあいさつ申し上げます。:Khai mạc hội nghị, tôi xin có một vài lời chào.<br>新製品を開発するにあたり、強力なプロジェクトチームが作られた。:Khi phát triển sản phẩm mới, một đội dự án mạnh đã được lập ra.<br>新年にあたり、決心を新たにした。:Vào thời điểm năm mới, tôi đã làm mới quyết tâm của bản thân.","N2","1",",173nguphapn2,lesson16,",""
"～にかけては／～にかけても","～について言えば:Nếu nói về…","［名］＋にかけては","数学にかけては、彼女はクラスでいつも一番だった。:Nếu nói về số học thì cô ấy là giỏi nhất lớp.<br>走ることにかけては、だれにも負けないつもりだ。:Về môn chạy thì tôi quyết là sẽ không thua ai.<br>彼は優れた技術者だが、経営にかけても才能を発揮した。:Anh ấy là một chuyên viên kỹ thuật xuất sắc nhưng về kinh doanh anh cũng phát huy tài năng của mình.","N2","2",",173nguphapn2,lesson16,",""
"～に際して／～に際し／～に際しての","～を始める時に・～をしている時に:Khi bắt đầu…, Khi đang…","［動－辞書形］,［名］ ＋に際して","留学に際して、先生や友人から励ましの言葉をもらった。:Khi đang du học, tôi đã nhận được nhiều lời động viên từ thầy cô và bè bạn.<br>帰国に際し、お世話になった人にあいさつの手紙を出した。:Khi về nước, tôi đã viết thư chào hỏi những người đã giúp đỡ mình.<br>計画を変更するに際しての問題点を検討する。:Chúng tôi đang xem xét những vấn đề khi thay đổi kế hoạch.","N2","3",",173nguphapn2,lesson16,",""
"～に先立って／～に先立ち／～に先立つ","～の前に・～より先に:Trước khi...","［名］＋に先立って","映画の一般公開に先立って、主演女優のサイン会が開かれた。:Trước khi công chiếu bộ phim, lễ ký tặng của nữ diễn viên chính đã được tổ chức.<br>高層マンションの建設に先立って、住民と建設会社との話し合いが行われた。:Trước khi xây dựng các tòa nhà chung cư cao tầng, người ta tổ chức các cuộc thảo luận giữa dân chúng và công ty xây dựng.<br>入社試験に先立ち、会社説明会が行われた。:Trước kì thi vào công ty, người ta tổ chức buổi giới thiệu về công ty ấy.<br>首脳会議に先立つ事務レベルの協議で、共同宣言の案が作られた。:Ở hội nghị cấp thư ký trước hội nghị thượng đỉnh, người ta đã đưa ra dự thảo tuyên bố chung.","N2","4",",173nguphapn2,lesson16,",""
"～にしたら／～にすれば／～にしても","～の立場で言うと:Nếu nói trên lập trường…, nhìn từ suy nghĩ của…, đối với…","［名］＋にしたら","あの人にしたら、私たちの親切はかえって迷惑かもしれません。:Nếu nhìn từ suy nghĩ của người đó, có thể sự tốt bụng của chúng ta ngược lại đem đến phiền phức.<br>学生にすれば、休みは長ければ長いほどいいだろう。:Đối với sinh viên có lẽ kì nghỉ càng dài càng tốt.<br>あなたにすれば、つまらないことかもしれませんが、私には大切なのです。:Đối với bạn có thể là một việc chán ngắt nhưng đối với tôi thì nó lại rất mực quan trọng.<br>社会ルールを守ることは、小さな子供にしても同じです。:Việc tôn trọng những quy tắc trong xã hội là giống nhau đối với cả những đứa trẻ.","N2","5",",173nguphapn2,lesson16,",""
"～につき","～なので:Vì…","［名］＋につき","雨天につき、試合は延期いたします。:Vì trời mưa nên trận đấu đã bị hoãn.<br>教授の海外出張につき休講。:Vì giảng viên đi công tác nước ngoài nên nghỉ học.<br>店内改装につき、しばらく休業いたします。:Vì sửa sang lại cửa hàng nên chúng tôi sẽ tạm nghỉ trong một thời gian.","N2","6",",173nguphapn2,lesson16,",""
"～につけ／～につけて（は）／～につけても(1)","～するたびに:Mỗi lần làm…","［動－辞書形］＋につけ","家族の写真を見るにつけ、会いたくてたまらなくなる。:Mỗi lần nhìn ảnh gia đình tôi lại muốn gặp mọi người không chịu nổi.<br>戦争のニュースを聞くにつけ、心が痛む。:Mỗi lần nghe tin chiến tranh, lòng tôi lại đau thắt.","N2","7",",173nguphapn2,lesson16,",""
"～につけ／～につけて（は）／～につけても(2)","～の場合にも・～の場合も:Trong trường hợp…cũng…","［動－辞書形］,［い形－い］,［名］＋につけ ［動－辞書形］,［い形－い］,［名］ ＋につけ","先輩の活躍を見るにつけ聞くにつけ、心強くなる。:Mỗi lần nhìn, nghe các hoạt động của các anh chị khóa trên, tôi lại thấy thêm mạnh mẽ.<br>暑いにつけ寒いにつけ、うちのおばあさんは体の調子が悪いと言う。:Lúc nóng, lúc lạnh, bà tôi đều nói là người không khỏe.<br>雨につけ雪につけ、工事の遅れが心配された。:Lúc mưa, lúc có tuyết rơi tôi đều lo lắng bị muộn công trình.","N2","8",",173nguphapn2,lesson16,",""
"～のもとで／～のもとに","～のしたで （影響や条件の範囲内で、あることが行われることを表す。 ）:Dưới…(Trong phạm vi ảnh hưởng, trong điều kiện…mà một việc được tiến hành)","［名］＋のもとで","鈴木教授のご指導のもとで、卒業論文を完成させた。:Dưới sự chỉ đạo của thầy Suzuki, tôi đã hoàn thành khóa luận tốt nghiệp.<br>国連から派遣された医師団のもとで救援活動が続けられた。:Dưới sự hướng dẫn của đoàn bác sĩ được phái đến từ LHQ, các hoạt động viện trợ đã được tiếp tục.<br>植民地の人々は独立と自由の名のもとに戦った。:Người dân các vùng thuộc địa đã chiến đấu dưới khẩu hiệu Độc lập và Tự do.<br>子供の人権は法のもとに守られています。:Quyền của trẻ em được bảo vệ dưới Pháp luật.","N2","9",",173nguphapn2,lesson16,",""
"～はともかく（として）","～のことは考えないで・～は別にして:Tạm thời không nghĩ đến…, Tạm thời gác chuyện…sang một bên","［名］＋はともかく","この洋服は、デザインはともかく、色がよくない。:Bộ quần áo này, tạm thời không nói đến thiết kế, màu sắc đã không đẹp rồi.<br>私は、話すことはともかく、書くことは苦手だ。:Tôi thì không nói đến việc nói, viết đã kém rồi.<br>この店のラーメンは味はともかくとして、値段は安い。:Mì của cửa hàng này, chưa nói đến vị, giá cả khá rẻ rồi.<br>買うかどうかはともかくとして、説明だけでも聞いてください。:Chưa tính đến việc có mua hay không nhưng xin hãy nghe lời giải thích của tôi đã.","N2","10",",173nguphapn2,lesson16,",""
"～をきっかけに（して）／～をきっかけとして","（偶然のできごとから何かが始まったり変わったりすることを表す。）:Biểu thị rằng từ một việc ngẫu nhiên mà có gì đó bắt đầu, thay đổi.","［名］＋をきっかけに","留学をきっかけに、自分の国についていろいろ考えるようになった。:Từ việc đi du học mà tôi đã có nhiều suy nghĩ về đất nước của mình.<br>旅行をきっかけにして、木村さんと親しくなりました。:Từ việc du lịch mà tôi trở nên thân thiết với anh Kimura.<br>一主婦の投書をきっかけとして、町をきれいにする運動が起こった。:Từ bức thư của một bà nội trợ mà đã nổ ra cuộc vận động làm sạch thành phố.","N2","1",",173nguphapn2,lesson17,",""
"～を契機に（して）／～を契機として","（あるできごとから、前の流れがはっきり表れてきたり大きく変わったりすることを表す。）:Nhân cơ hội ~ (Chỉ một việc mà dòng chảy từ trạng thái trước biểu hiện rõ ràng và thay đổi lớn từ một sự kiện nhất định)","［名］＋を契機に","オイルショックを契機に新エネルギーの研究が進められた。:Nhân thời cơ của cuộc khủng hoảng dầu lửa, các nghiên cứu về năng lượng mới đã được đẩy mạnh.<br>明治維新を契機にして、日本は近代国家への道を歩みをはじめた。:Nhân cuộc duy tân Meiji, Nhật Bản đã bắt đầu tiến trình theo con đường của các nước hiện đại.<br>新製品の開発を契機として、大きく会社が発展した。:Công ty đã phát triển mạnh mẽ với việc phát triển sản phẩm mới.","N2","2",",173nguphapn2,lesson17,",""
"～を～として／～を～とする／～を～とした","～を～と決めて・～が～である:Lấy ~ làm ~","［名］＋を＋［名］として","陳さんを先生として、中国語の勉強会を開いた。:Cử anh Trần làm thầy giáo và hội học tiếng Trung đã được mở.<br>同窓会は卒業生の交流を目的とする集まりです。:Hội đồng học tập hợp lấy mục đích là giao lưu giữa các sinh viên đã tốt nghiệp.<br>明治維新後、日本は欧米諸国を手本とした近代国家を作ろうとした。:Sau cuộc duy tân Meiji, Nhật Bản đã muốn lập nên nhà nước hiện đại lấy mô hình là các quốc gia Âu Mỹ.","N2","3",",173nguphapn2,lesson17,",""
"～あげく（に）","～したその結果とうとう・～したけれども、結局:Sau ~ rốt cuộc là ...","［動－た形］,［名－の］ ＋あげく","さんざん迷ったあげく、大学院には行かないことにした。:Sau khi cứ lúng túng gay go mãi, rốt cuộc là đã không học lên tiếp cao học được.<br>その男はお金に困ったあげく、銀行強盗を計画した。:Người đàn ông đó khốn khổ vì không có tiền nên cuối cùng đã lên kế hoạch cướp ngân hàng.<br>長時間の議論のあげく、その開発計画は中止に決まった。:Sau tranh luận dài, cuối cùng kế hoạch phát triển đó đã được quyết định tạm dừng.<br>兄は父と口論のあげくに、家を飛び出して行った。:Anh trai sau khi cãi nhau với bố đã chạy bay ra khỏi nhà.","N2","4",",173nguphapn2,lesson17,",""
"～以上（は）","～からには:Chừng nào ~ ; đã là ~ thì","［動・い形・な形・名］の名詞修飾型＋以上 （ただし［名－の］の形は使わない。 ［名－である］を使う。［な形－である］も使う。）","日本に住んでいる以上、日本の法律を守らなければならない。:Đã sống trên đất Nhật thì phải tuân thủ pháp luật Nhật Bản.<br>契約書に書かれている以上、期日までにこの仕事を完成させなければならない。:Dựa trên các điều đã viết trong hợp đồng, đến kì hạn thì công việc này phải được hoàn thành xong.<br>約束した以上、必ず守ってください。:Đã hứa rồi thì nhất quyết phải giữ lời đấy.<br>相手のやり方が合理的である以上、文句はつけられない。:Chừng nào cách làm của đối phương là hợp lý thì chả phải kêu ca gì.<br>親子である以上、お互いの生活に無関心ではいられない。:Đã là cha mẹ con cái thì không được thiếu quan tâm đến đời sống của nhau.<br>給料がこんなに安い以上は、転職を考える人がいるのも当然だ。:Chừng nào lương mà thấp cỡ này thì có người nghĩ đến chuyển chỗ làm là đương nhiên.","N2","5",",173nguphapn2,lesson17,",""
"～上は","～からには:Chừng nào ~ , đã là ~ thì","［動－辞書形／た形］＋上は","契約を結ぶ上は、条件を慎重に検討すべきである。:Khi ký kết hợp đồng thì cần phải kiểm thảo thận trọng các điều kiện.<br>弁護士になると決めた上は、苦しくても頑張らなければならない。:Đã quyết định thành luật sư thì dù là có gian khó cũng cần phải cố gắng.<br>友人が困っているのを知った上は、黙って見ていられない。:Đã biết bạn bè khó khăn thì không thể đứng im nhìn được.<br>計画が中止になった。こうなった上は、プロジェクトチームは解散するしかない。:Kế hoạch tạm dừng rồi. Với tình hình này thì chỉ có nước giải tán đội dự án thôi.","N2","6",",173nguphapn2,lesson17,",""
"～ことなく","～ないで:Không có ~","［動－辞書形］＋ことなく","ロボットは24時間休むことなく働いている。:Robot làm việc 24h mà không nghỉ<br>あの子はあきることなく、コンピューターゲームに熱中している。:Thằng nhỏ kia cứ chuyên tâm chơi điện tử mà không biết chán.<br>彼は毎年忘れることなく、クリスマスカードをくれる。:Anh ấy năm nào cũng không quên gửi thiếp giáng sinh cho tôi.","N2","7",",173nguphapn2,lesson17,",""
"～際（は）／～際に","～時・～場合:Thời gian, trường hợp","［動－辞書形／た形］,［名－の］ ＋際","帰国の際、保証人の家にあいさつに行った。:Lúc về nước đã đi chào gia đình người bảo lãnh.<br>カードを紛失した際はカード会社にすぐ知らせなければならない。:Trong trường hợp đánh mất thẻ, cần phải thông báo với công ty cấp thẻ ngay.<br>パスポートを申請する際に必要なものを教えてください。:Xin vui lòng chỉ dẫn các thứ cần thiết khi xin cấp hộ chiếu.","N2","8",",173nguphapn2,lesson17,",""
"～つつ／～つつも(1)","ながら:Đang, trong khi ~","［動－ます形］＋つつ","財布の中身を考えつつ、買い物をした。:Vừa nghĩ đến ví vừa đi mua hàng.<br>人は皆、お互いに助け合いつつ生きている。:Mọi người vẫn đang sống tương trợ lẫn nhau.<br>喜ぶ母の顔を思いつつ、手紙を書いています。:Vừa nghĩ đến khuân mặt mẹ hạnh phúc, vừa viết thư.","N2","9",",173nguphapn2,lesson17,",""
"～つつ／～つつも(2)","けれども・～のに:Dù là ~","［動－ます形］＋つつ","悪いと知りつつ、うそをついてしまった。:Dù biết là xấu nhưng lại nói dối mất rồi.<br>今日こそ勉強しようと思いつつ、テレビを見てしまった。:Chính hôm nay nghĩ là muốn học đây nhưng lại xem TV.<br>早くご連絡しようと思いつつも、忙しくて遅くなってしまいました。申し訳ありません。:Muốn là nhanh chóng liên lạc nhưng mà do bận quá lại chậm mất. Xin được thứ lỗi.","N2","10",",173nguphapn2,lesson17,",""
"～てからでないと／～てからでなければ","Nếu không thực hiện cái nói đằng trước thì điều đằng sau cũng không thực hiện","［動－て形］＋からでないと","お金をいただいてからでないと、商品はお届けできません。:Nếu chưa nhận được tiền thì hàng cũng không giao được.<br>この仕事は訓練を受けてからでないと無理でしょう。:Công việc này mà không được huấn luyện thì không làm được đâu.<br>この地方では４月になってからでなければ、桜は咲かない。:Địa phương này mà chưa đến tháng 4thì hoa anh đào chưa nở.<br>契約書の内容を確認してからでなければ、判は押せません。:Chưa xác nhận lại nội dung hợp đồng thì không đóng dấu được.","N2","1",",173nguphapn2,lesson18,",""
"～といっても","～（だ）が・しかし （実際はそれから考えられるものとは違う。）:Dù là ~ nhưng ~ (thực tế so với điều được nghĩ từ đó khác nhau)","［動・い形・な形・名］の普通形＋といっても （ただし［名］と［な形］の［だ］はつかない場合もある。）","庭があるといっても猫の額ほどです。:Nói là có vườn đấy nhưng mà bé tí (như cái đầu trán mèo).<br>朝ご飯を食べたといっても、パンとコーヒーだけの簡単なものです。:Dù là ăn sáng rồi nhưng cũng chỉ đơn giản là bánh mì và cafe thôi.<br>日本は物価が高いといっても、安いものもありますよ。:Nhật Bản thì đúng là giá cả cao thật nhưng đồ rẻ cũng có mà.<br>今日は暑かったといっても、クーラーをつけるほどではありませんでした。:Hôm nay nói là nóng đấy nhưng cũng chưa đến mức cần bật máy lạnh.<br>日本料理が好きだといっても、天ぷらとすしだけです。:Nói là tôi thích đồ ăn Nhật nhưng chỉ là tenpura và sushi thôi.<br>彼は社長といっても、社員が３人しかいない会社の社長です。:Anh ta là chủ tịch công ty đấy nhưng mà chỉ là chủ tịch của công ty có mỗi ba người thôi.","N2","2",",173nguphapn2,lesson18,",""
"～どころか","（前に言ったことはもちろん、それよりもっと程度が激しいという時や、実際はそうではなく、正反対であることを強調する時に使う。）:Dùng nhấn mạnh một sự phản đối trực diện, điều nói trước là hiển nhiên. Diễn đạt một vật, việc gì đó quá xa so với trạng thái mong đợi. Ý sau thể hiện cái điều khác xa so với ý trước.","［動・い形・な形・名］の普通形＋どころか （ただし［な形］と［名］は［だ］がつかない。［な形－な］も使われる。）","彼は貯金するどころか借金だらけだ。:Anh ta mà có tiết kiệm à, nợ nần chồng chất kia kìa.<br>この部屋は涼しいどころか寒いくらいだ。:Phòng này mà mát á, lạnh thì có.<br>お宅の辺りは静かでしょう。いいえ、静かどころか最近は窓を開けていられないほど車の音がうるさいんです。:Gần nhà bác yên tĩnh nhỉ. Đâu, yên tĩnh gì, gần đây tiếng xe ô tô ồn ào đến mức không dám mở cửa sổ.<br>あの人は英語どころかアラビア語もスワヒリ語も話せる。:Ông kia đâu chỉ biết tiếng Anh, tiếng Arab rồi là Swahili nữa cũng nói được.","N2","3",",173nguphapn2,lesson18,",""
"～としたら／～とすれば(1)","～なら （仮定の表現。）:Nếu mà (giả định)","［動・い形・な形・名］の普通形＋としたら","留学するとしたら、日本に行きたいと思っていました。:Nếu mà đi du học, tôi đã định đi Nhật.<br>もし、もう一度生まれ変われるとしたら、男と女とどちらがいいですか。:Giả sử là, nếu được sinh ra lần nữa, bạn thích là con trai hay con gái?<br>予定どおりだとすれば、飛行機は 9 時に着くはずだ。:Nếu mà như kế hoạch thì máy bay phải đến lúc 9h rồi.","N2","4",",173nguphapn2,lesson18,",""
"～としたら／～とすれば(2)","～なら・～から考えれば:Nếu mà ~ ; nếu nghĩ từ ~ thì","［動・い形・な形・名］の普通形＋としたら","足の悪い人が地下鉄を利用するとしたら、どんな設備が必要だろうか。:Nếu người bị tật về chân sử dụng tàu điện ngầm thì cần loại thiết bị như thế nào nhỉ.<br>この冷蔵庫はもう修理は無理ですね。修理が無理だとしたら、新しいのを買うしかありませんね。:Cái tủ lạnh này đã không sửa được nữa nhỉ? Nếu mà không sửa được thì chỉ có cách mua cái mới nhỉ.<br>電話を掛けても、出ないとすれば、彼はもう出かけたのでしょう。:Dù gọi điện mà anh ta không ra thì chắc là đã ra ngoài rồi.","N2","5",",173nguphapn2,lesson18,",""
"～ないことには","～なければ:Nếu không ~","［動－ない形］,［い形－く］,［な形－で］,［名－で］ ＋ないことには","実際に読まないことには、この小説の面白さはわからないだろう。:Nếu mà chưa đọc thì không biết được độ hấp dẫn của tiểu thuyết này đâu.<br>部屋がもっと広くないことには、教室としては使えない。:Phòng này mà không rộng hơn tí nữa thì không dùng làm phòng học được.<br>体が丈夫でないことには、この仕事は無理だ。:Nếu mà không dai sức thì không thể làm việc này.<br>担当者でないことには、詳しいことはわからないだろう。:Nếu không phải người phụ trách thì chắc là không hiểu được những điều chi tiết.","N2","6",",173nguphapn2,lesson18,",""
"～ながら","けれども:Ấy thế mà, tuy nhiên ~","［動－ます形／ない形－ない］,［い形－い］,［な形－Bỏ な］,［名］ ＋ながら","一緒に暮らしていながら、母の病気に気づかなかった。:Sống cùng một nhà vậy mà không nhận ra bệnh của mẹ.<br>お礼を言おうと思いながら、言う機会がなかった。:Muốn nói lời cảm ơn nhưng lại không có cơ hội nói.<br>日本語がわからないながら、テレビのドラムをけっこう楽しんでいます。:Không hiểu tiếng Nhật nhưng mà vẫn thích thú thưởng thức kịch trên TV.<br>彼は仕事は遅いながら、確実で安心して任せられる。:Anh ta làm việc thì hơi chậm nhưng được cái chắc chắn tôi đã yên tâm tin cậy giao phó.<br>残念ながら、その質問には答えられません。:Thật là tiếc nhưng câu hỏi đó tôi không trả lời được.<br>この掃除機は、小型ながら性能がいい。:Cái máy hút bụi này tuy cỡ nhỏ nhưng tính năng tốt.","N2","7",",173nguphapn2,lesson18,",""
"～にしては","そのことから当然予想されることと違って:So với điều được đương nhiên nghĩ đến từ đó thì khác","［動・い形・な形・名］の普通形＋にしては （ただし［な形］と［名］は［だ］がつかない。）","兄はアメリカに 20 年いたにしては英語が下手だ。:Dù anh trai sống ở Mỹ đến 20 năm nhưng tiếng Anh thì dở ẹc.<br>山田さんは忙しいにしては、よく手紙をくれます。:Bác Yamada rất bận rộn nhưng vẫn hay viết thư cho tôi.<br>彼は歌手だったにしては歌が下手だ。:Anh ta là ca sĩ đấy nhưng hát dở tệ.<br>彼は力士にしては小柄だ。:Anh ta là lực sĩ nhưng mà người nhỏ.","N2","8",",173nguphapn2,lesson18,",""
"～にしろ／～に（も）せよ／～にしても(1)","たとえ～ても・～でも:Ngay cả nếu, tỉ như ~, vẫn ~","［動・い形・な形・名］の普通形＋にしろ （ただし［な形］と［名］の［だ］はつかない。［な形－である］［名－である］も使う。）","どんな人間にしろ長所はあるものだ。:Dù là người nào thì cũng có sở trường.<br>いくら忙しいにもせよ食事をしないのはよくない。:Ngay cả là bận đến thế nào, bỏ ăn là không tốt.<br>いくら体が丈夫であるにせよ、そんなに働いたら病気になりますよ。:Dù dai sức thế nào đi nữa, làm việc cỡ đó thì ốm mất đấy.<br>中古の家を買うにしても借金しなければならない。:Dù là mua một cái nhà cũ nhưng vẫn phải vay tiền.","N2","9",",173nguphapn2,lesson18,",""
"～にしろ／～に（も）せよ／～にしても(2)","～でも～でも、どちらでも:Cái nào cũng ~","［動・い形・な形・名］の普通形＋にしろ （ただし［な形］と［名］の［だ］はつかない。［な形－である］［名－である］も使う。）","ビールにしろ、日本酒にしろ飲んだら運転できない。:Bia cũng thế, rượu cũng thế, đã uống vào thì không lái xe được.<br>好きにせよ嫌いにせよ、彼女が優れた歌手であることはみんなが認めている。:Dù thích hay không thích, mọi người đều công nhận cô ấy là một ca sĩ xuất sắc.<br>自分でやるにしても、人に頼むにしてもこれは時間がかかる。:Tự làm hay nhờ người khác làm thì việc này đều tốn thời gian.","N2","10",",173nguphapn2,lesson18,",""
"～にかかわらず／～に（は）かかわりなく","～に関係なく:Không liên quan đến~","［動－辞書形］＋［動－ない形－ない］,［名］ ＋にかかわらず","参加するしないにかかわらず、必ず返事をください。:Không tính là có tham gia hay không, nhất định hãy trả lời nhé.<br>あの会社は外国語の能力にかかわらず、国際感覚を持った人を採用する。:Công ty đó tuyển người không căn cứ vào trình độ ngoại ngữ mà là những người có khả năng về quốc tế.<br>経験の有無にかかわりなく、入社後の研修に参加していただきたい。:Không quan tâm là đã có kinh nghiệm hay chưa, sau khi vào công ty chúng tôi muốn bạn tham gia tập huấn.<br>このゲームは、年齢や性別にかかわらず、だれでも楽しめる。:Trò chơi này thì không phân biệt tuổi tác, giới tính, ai cũng thích.","N2","1",",173nguphapn2,lesson19,",""
"～にもかかわらず","～のに:Dù cho, dẫu cho ~","［動・い形・な形・名］の普通形＋にもかかわらず （ただし［な形］と［名］は［だ］がつかない。［な形－である］［名－である］も使う。）","彼は熱があるにもかかわらず、サッカーの試合に出場した。:Anh ta dù bị sốt nhưng vẫn ra sân thi đấu bóng đá.<br>問題が易しかったにもかかわらず、不注意でミスをしてしまった。:Dẫu cho câu hỏi dễ nhưng vì không chú ý tôi đã làm sai.<br>そのパソコンは操作が複雑であるにもかかわらず、よく売れている。:Cái máy tính này dù thao tác phức tạp nhưng vẫn bán chạy.<br>ご多忙にもかかわらず、ご出席くださいましてありがとうございます。:Xin cảm ơn vì dù rất bận rộn nhưng anh vẫn đến dự với chúng tôi.","N2","2",",173nguphapn2,lesson19,",""
"～ぬきで（は）／～ぬきに（は）／～ぬきの／～をぬきにして（は）／～はぬきにして","～なしで・なしに （～がない状態で・～を省いて）:Không có ~ (ở trạng thái không có ~ hoặc lược bớt ~)","［名］＋ぬきで","朝食ぬきで会社へ行くサラリーマンが多いらしい。:Có vẻ nhiều nhân viên công ty đi làm mà không ăn sáng.<br>社長ぬきでは、この件を決めることはできない。:Không có chủ tịch thì việc này không thể quyết định được.<br>彼女は世辞ぬきにすばらしい人だ。:Không cần một lời khen, cô ấy là người tuyệt vời.<br>子供用にわさびぬきのまぐろのすしを注文した。:Tôi đã đặt món sushi cá ngừ không có mù tạt cho bọn trẻ.<br>アジアをぬきにしては、世界経済は語れない。:Không thể nói đến kinh tế thế giới mà không có châu Á.<br>今日の会は難しい話はぬきにして楽しくやりましょう。:Buổi họp hôm nay chúng ta hãy thật thoải mái và không nói đến các vấn đề phức tạp.","N2","3",",173nguphapn2,lesson19,",""
"～のみならず","～だけでなく:Như, cũng như, và còn thêm ~ ; Không chỉ, mà còn~","［動・い形・な形・名］の普通形＋のみならず （ただし［な形］と［名］は［だ］がつかない。［な形－である］［名－である］も使う。）","このコンピューターは性能が優れているのみならず、操作も簡単だ。:Máy tính này không chỉ vượt trội về tính năng mà sử dụng còn dễ dàng.<br>この会社は安定性が高いのみならず、将来性もある。:Công ty này không những tính ổn định cao mà còn có tương lai nữa.<br>彼女は成績優秀であるのみならず、人柄も申し分ない。:Cô ấy không những có thành tích ưu tú mà tính cách cũng không có gì phải bàn.<br>学生のみならず、教師もスポーツ大会に参加することになっている。:Không chỉ sinh viên mà các thầy cô giáo cũng tham gia vào đại hội thể thao.<br>この手術は費用が高額であるのみならず、危険も伴う。:Việc phẫu thuật này không những tốn chi phí cao mà còn kèm theo nguy hiểm.","N2","4",",173nguphapn2,lesson19,",""
"～反面／～半面","ある面では～と考えられるが、別の面から見ると:Mặt khác, mặt trái","［動・い形・な形・名］の名詞修飾型＋反面 （ただし［名］は［である］を使う。また［な形－である］も使う。）","この薬はよくきく反面、副作用がある。:Thuốc này có tác dụng tốt nhưng mặt trái cũng gây tác dụng phụ.<br>母は優しい反面、厳しいところもある。:Mẹ thì một mặt dịu dàng nhưng cũng có cái nghiêm khắc.<br>彼はわがままな反面リーダーシップがある。:Trái với tính cách ích kỷ, anh ta có khả năng lãnh đạo.<br>あの映画はロマンチックな反面、考えさせるものがある。:Bộ phim này bên cạnh tính lãng mạn còn có những điều cần suy nghĩ.<br>彼は紳士である半面、子供っぽいところがある。:Anh ta một mặt là người lịch thiệp nhưng lại có tính trẻ con.","N2","5",",173nguphapn2,lesson19,",""
"～ものなら","～なら （実現が難しいことを希望する時、または、実現の可能性が少ないことを相手に冷たく言う時の言い方。）:Nếu ~ (dùng khi hi vọng vào một điều khó thực hiện hoặc là ít khả năng thực hiện – cách nói lạnh lùng)","［動－辞書形］＋ものなら","父の病気が治るものなら、どんな高価な薬でも手に入れたい。:Nếu bệnh tình của bố chữa được thì thuốc có đắt đến mấy tôi cũng mua.<br>自分一人でやれるものならやってみなさい。:Nếu có thể thì hãy làm tự thân một mình.<br>病気の子供を見ていると、代われるものなら代わってやりたいと思う。:Khi nhìn con ốm, nếu mà ốm thay được thì tôi cũng muốn thay.<br>退院できるものなら、すぐにでもうちへ帰りたい。:Nếu mà ra viện được thì tôi muốn về nhà ngay.","N2","6",",173nguphapn2,lesson19,",""
"～ものの","けれども・～ということは本当だが、しかし:Dù là ~ ,nói ~ là đương nhiên nhưng mà ~","［動・い形・な形］の名詞修飾型＋ものの","免許はとったものの、車が買えない。:Dù là có bằng lái nhưng mà không mua được ô tô.<br>立秋とはいうものの、まだまだ残暑が厳しい。:Lập thu rồi đấy, nhưng cái nóng còn sót lại vẫn gay gắt.<br>給料は少ないものの、仕事はやりがいがあります。:Lương hơi ít nhưng công việc rất đáng làm.<br>冷凍食品は便利なものの、毎日続くといやになる。:Đồ ăn đông lạnh thì tiện đấy nhưng ngày nào cũng ăn thì phát ngán.","N2","7",",173nguphapn2,lesson19,",""
"～わりに（は）","～にふさわしくなく以外に:Không phù hợp, không xứng với ~,Trong tỉ lệ, so với ~","［動・い形・な形・名］の名詞修飾型＋わりに","私はたくさん食べるわりに太らない。:Mặc dù tôi ăn rất nhiều, nhưng mà không bị tăng cân.<br>あのレストランの料理は、値段のわりにおいしい。:Đồ ăn của nhà hàng đó, so với giá thì là ngon.<br>彼は勉強しないわりには成績がいい。:Dù nó chả học gì mà thành tích tốt ghê.<br>この品物は高いわりには品質がよくない。:Mặt hàng này dù là dắt nhưng chất lượng không tốt.<br>兄は慎重なわりにはよく忘れ物をする。:Dù anh trai khá cẩn thận nhưng mà vẫn hay bỏ quên đồ.","N2","8",",173nguphapn2,lesson19,",""
"～（よ）うではないか／～（よ）うじゃないか","～しましょう・～しませんか （強い呼びかけの表現。）:Hãy ~ (kêu gọi mạnh mẽ)","［動－意向形］＋ではないか","災害を受けた人々に救援物資を送ろうではないか。:Chúng ta hãy gửi đồ cứu viện đến cho những người bị thảm hoạ.<br>自然保護の運動を広めようではないか。:Hãy mở rộng cuộc vận động bảo vệ tự nhiên.<br>男女差別の問題について真剣に考えようではありませんか。:Hãy suy nghĩ nghiêm túc về vấn đề phân biệt giới tính.<br>賃金を上げるように社長に交渉しようじゃありませんか。:Chúng ta hãy đàm phán với chủ tịch công ty để được tăng tiền công.","N2","9",",173nguphapn2,lesson19,",""
"～得る／～得ない","～することができる／できない・～の可能性がある／ない:Có thể/không thể ~. Nói về tính khả thi","［動－ます形］＋得る","考え得る限りの手は尽くしたが、問題の解決には至らなかった。:Đã hết sức trong giới hạn có thể suy nghĩ nhưng vẫn chưa đến được cách giải quyết vấn đề.<br>捜し得るかぎり捜したが、その書類はとうとう見つからなかった。:Đã tìm hết khả năng có thể tìm mà cuối cùng vẫn không thấy tài liệu đó.<br>でき得るならば、独立して事業を始めたい。:Nếu mà có thể, tôi muốn bắt đầu sự nghiệp độc lập.<br>あれは警報を早く出していれば、防ぎ得た災害かも知れない。:Đó có lẽ là thảm hoạ được phòng tránh nếu cảnh báo được đưa ra sớm.<br>こんな低い山で遭難することはあり得ないと思う。:Tôi nghĩ là không có khả năng bị nạn trên núi thấp thế này.","N2","10",",173nguphapn2,lesson19,",""
"～かねない","～おそれがある・～かもしれない （悪い結果になる可能性がある時に使う。）:Lo ngại là ~ ; Có lẽ ~","［動－ます形］＋かねない","あんなにスピードを出したら、事故を起こしかねない。:Tăng tốc đến mức này, tai nạn chứ chẳng chơi.<br>あまり遊んでばかりいると、落第しかねない。:Nếu cứ chỉ chơi thế này, thi trượt mất đấy.<br>あの人ならそんな無責任なことも言いかねない。:Ông ấy thì có thể nói những lời vô trách nhiệm thế này.","N2","1",",173nguphapn2,lesson20,",""
"～かねる","～しようとしてもできない・～することが難しい:Muốn làm ~ nhưng không thể, ~ là khó","［動－ます形］＋かねる","そんな多額な寄付には応じかねます。:Đóng góp nhiều tiền thế này thì chúng tôi khó lòng nhận lời được.<br>私の仕事がなかなか終わらなかったので、見かねて山田さんが手伝ってくれた。:Vì công việc của tôi vẫn chưa xong nên không đứng nhìn được, bác Yamada đã giúp.","N2","2",",173nguphapn2,lesson20,",""
"～ことか","なんと～でしょう （感嘆・嘆息を表す。）:Không biết thế nào đây ~ (cảm thán, thở dài)","［動・い形・な形］の名詞修飾型＋ことか","息子から半年も連絡がない。一体何をしていることか。:Con trai nửa năm rồi chả thấy liên lạc gì, không hiểu là đang làm cái gì đây.<br>あなたの返事をどんなに待っていたことか。:Tôi đã đợi câu trả lời của anh bao lâu.<br>友達と別れて、どんなに寂しかったことか。:Chia biệt bạn, thật là cô đơn biết bao.<br>コンピューターは、なんと便利なことか。:Máy tính thật là thứ thật tiện lợi.","N2","3",",173nguphapn2,lesson20,",""
"～ことだ","（そのことが大切であると勧める時に使う。）:Dùng khi khuyên người khác rằng việc đó là quan trọng","［動－辞書形／ない形－ない］＋ことだ","大学に入りたければ、一生懸命勉強することだ。:Nếu muốn vào đại học thì nên chăm chỉ học hành.<br>風邪気味なら、早く寝ることだ。:Nếu thấy có cảm giác bị cảm thì nên ngủ sớm.<br>言葉の意味がわからなければ、まず辞書で調べることだ。:Nếu không hiểu ý nghĩa của từ ngữ thì trước tiên nên tra từ điển.<br>人の悪口は言わないことです。:Không nên nói xấu người khác.","N2","4",",173nguphapn2,lesson20,",""
"～ざるを得ない","どうしても～なければいけない・～ないわけにはいかない:Dù thế nào, cũng phải…; Không thể không…","［動－ない形］＋ざるを得ない （［する］は［せざるを得ない］となる。 ）","みんなで決めた規則だから、守らざるを得ない。:Vì là nguyên tắc mọi người định ra nên không thể không tuân thủ.<br>原料がどんどん値上がりしているのですから、製品も値上げせざるを得ません。:Giá nguyên liệu tăng vọt nên không thể không tăng giá hàng hóa.<br>彼は登山中に消息不明となり、すでに 5年経っている。死んだと考えざるを得ないだろう。:Đã năm năm rồi kể từ khi anh ấy bị mất tích trong khi leo núi. Có lẽ không thể không nghĩ là anh ấy đã mất.<br>こんなにひどい雨では運動会は中止せざるを得ない。:Mưa to thế này thì dù thế nào cũng phải hủy ngày hội thể thao thôi.","N2","5",",173nguphapn2,lesson20,",""
"～次第だ／～次第で（は）(1)","～わけだ （経緯・理由を示して、～の結果になったと言いたい時の表現。）:Vì…(Chỉ nguồn căn, lý do; cách dùng khi muốn nói đã có kết quả là…)","［動・い形・な形］の名詞修飾型＋次第だ","このたび日本政府の招きにより、親善大使として日本に来た次第です。:Lần này nhận lời mời của chính phủ Nhật Bản nên tôi đã đến Nhật với tư cách Đại sứ thiện chí.<br>英語が話せない私には無理な仕事と思い、お断りした次第です。:Tôi nghĩ việc này là không thể với một người không thể dùng tiếng Anh như tôi nên tôi xin từ chối.<br>私の専門分野なのにこんなこともわからなくて、お恥ずかしい次第です。:Là lĩnh vực chuyên môn của tôi mà việc này tôi lại không hiểu nên tôi thấy thật xấu hổ.<br>以上のような次第で、退職することになりました。:Với những lý do nêu trên, tôi đã có quyết định nghỉ việc.","N2","6",",173nguphapn2,lesson20,",""
"～次第だ／～次第で（は）(2)","～によって決まる:Dựa vào… mà quyết định","［名］＋次第だ","この世の中はお金次第だと言う人もいる。:Cũng có những người nói rằng cuộc đời này tất là do đồng tiền quyết định.<br>考え方次第で幸せにも不幸せにもなる。:Dựa vào cách suy nghĩ mà cũng có thể trở thành hạnh phúc hay bất hạnh.<br>実力次第では社長になることも可能だろう。:Dựa vào thực lực cũng có khả năng tôi sẽ trở thành giám đốc.<br>検査の結果次第では入院ということもあり得る。:Dựa vào kết quả khám mà cũng có thể tôi sẽ nhập viện.","N2","7",",173nguphapn2,lesson20,",""
"～っこない","Nhất định không…, Tuyệt đối không","［動－ます形］＋っこない","宝くじなんて当たりっこないよ。:Tôi thì những thứ như xổ số là nhất định sẽ không bao giờ trúng.<br>どんなに急いだって、今からじゃ間に合いっこない。:Dù có khẩn trương thế nào thì giờ này nhất định cũng không thể kịp được.<br>いくら好きだって、一度にバナナを 20 本も食べられっこない。:Dù có thích thế nào, một lần cũng không thể ăn đến 20 quả chuối.","N2","8",",173nguphapn2,lesson20,",""
"～というものだ","（それが当たり前という話者の主張や感想を表す。 ）:Biểu thị cách nghĩ và cảm giác của người nói rằng việc đó là đương nhiên","［動・い形・な形・名］の普通形＋というものだ （ただし［な形］と［名］は［だ］がつかない場合が多い。）","彼の作品がやっと世間から評価された。長年の苦労が認められたというものだ。:Tác phẩm của anh ấy cuối cùng cũng được dư luận đánh giá cao. Đó chính là sự công nhận công sức lao động trong thời gian dài.<br>言葉が通じない国へ一人で旅行するのは心細いというものだ。:Việc đi du lịch một mình đến một đất nước có ngôn ngữ mình không biết thì thật đúng là cô đơn và bất an.<br>若者が高価な車を買うのはぜいたくというものだ。:Người trẻ tuổi mà mua ô tô đắt tiền thì thật đúng là xa xỉ.<br>人の手紙を無断で開封するのは、プライバシーの侵害というものだ。:Việc mở phong bì thư người khác mà không được người đó cho phép thì đương nhiên là xâm hại đến sự riêng tư của người khác rồi.","N2","9",",173nguphapn2,lesson20,",""
"～というものではない／～というものでもない","～とは言いきれない Không thể nói hết là…","［動・い形・な形・名］の普通形＋というものではない （ただし［な形］と［名］の［だ］はつかないこともある。）","性格は絶対に変えられないというものではない。:Không thể nói rằng là tính cách tuyệt đối sẽ không thay đổi.<br>お金さえあれば幸せに暮らせるというものではない。:Không thể nói rằng là chỉ cần có tiền là có thể sống hạnh phúc.<br>かぎをかけたから安心というものでもない。:Không thể nói rằng đã khóa rồi là có thể yên tâm.<br>この仕事は英語ができなければだめだというものでもないが、できたほうがいい。:Việc này cũng không thể nói là không biết tiếng Anh thì không làm được nhưng mà biết thì tốt hơn.","N2","10",",173nguphapn2,lesson20,",""
"～ないことはない／～ないこともない","～の可能性もある Cũng có khả năng là…, không phải là không thể…","［動－ない形］,［い形－く］,［な形－で］,［名］ ＋ないこともない","難しいが、やり方次第ではできないことはないだろう。:Dù khó nhưng mà tùy theo cách làm cũng không phải là không thể làm được.<br>どうしても話してくれと言われれば、話さないこともない。:Đã được nhắc là dù thế nào cũng hãy nói chuyện nên không thể không nói.<br>ちょっと大きくないこともないが、この靴で大丈夫だ。:Cũng không phải là không to một chút nhưng mà đôi giầy này là ổn rồi.<br>このセーター、ちょっと派手じゃありませんか。派手じゃないこともないけど、よく似合っているからいいんじゃないですか。:Cái áo len này chẳng phải là hơi sặc sỡ hay sao.Cũng sặc sỡ, nhưng vì trông rất hợp nên chẳng được hay sao?","N2","1",",173nguphapn2,lesson21,",""
"～ないではいられない／～ずにはいられない","どうしても～してしまう （どうしても我慢できず、自然にそうなってしまうと言いたい時の表現。）:Dù thế nào cũng đã làm… ( Dù thế nào cũng không thể chịu đựng, Dùng khi muốn nói tự nhiên mà thành như thế)","［動－ない形］＋ないではいられない （ただし［する］は［せずにはいられない］となる。）","彼のもの真似を見るとおかしくて、笑わないではいられない。:Nhìn cách anh ấy bắt chước các sự vật buồn cười quá nên tôi không thể nhịn được.<br>あの映画のラストシーンは感動的で、涙を流さずにはいられなかった。:Cảnh cuối cùng của bộ phim đó quá cảm động nên tôi không kìm được nước mắt.<br>車の多い道路で遊んでいる子供を見て、注意せずにはいられなかった。:Nhìn bọn trẻ con đang chơi trên đường nhiều ô tô, tôi không thể không nhắc nhở","N2","2",",173nguphapn2,lesson21,",""
"～に限る／～に限り／～に限って(1)","～だけ （［～に限る］［～に限り］［～に限って］を使う。）:Giới hạn ở…","［名］＋に限る","参加者は女性に限る。:Người tham gia chỉ giới hạn ở nữ.<br>先着 50 名様に限り、受け付けます。:Chúng tôi chỉ tiếp nhận 50 người đến đầu tiên.<br>本日に限って、全商品２割引にさせていただきます。:Chỉ hôm nay, chúng tôi giảm giá 20 phần trăm cho tất cả các mặt hàng.","N2","3",",173nguphapn2,lesson21,",""
"～に限る／～に限り／～に限って(2)","～だけは特に （［～に限って］を使う。 ）:Riêng…là đặc biệt","［名］＋に限る","あの人に限って、人をだますようなことはしない。:Chỉ riêng với người đó, không bao giờ làm cái việc như là lừa người khác.<br>傘を持っていない日に限って、雨が降る。:Vào đúng ngày tôi không mang ô thì lại mưa.<br>あのレストランは年中無休なのに、行ってみたら今日に限って休みだった。:Nhà hàng đó hoạt động cả năm không nghỉ vậy mà đúng ngày hôm nay khi tôi thử đến thì lại nghỉ.","N2","4",",173nguphapn2,lesson21,",""
"～に限る／～に限り／～に限って(3)","一番いい （［～に限る］を使う。）:Là nhất…, nên…","［動－辞書形／ない形－ない］,［名］ ＋に限る","風を引いた時は、部屋を暖かくして寝るに限る。:Khi bị cảm, nên giữ ấm phòng và ngủ là tốt nhất.<br>危険な所には近寄らないに限る。:Tốt nhất không nên lại gần nơi nguy hiểm.<br>夏はビールに限る。:Mùa hè Bia là số 1.","N2","5",",173nguphapn2,lesson21,",""
"～に限らず","～だけではなく～も:Không chỉ…mà cũng…, Không những…mà còn…","［名］＋に限らず","ディズニーランドは子供に限らず、大人にも人気がある。:Disneyland thì không những được trẻ con ưa thích mà cả người lớn nữa.<br>この講義は学生に限らず、社会人も聴講で切る。:Buổi giảng này không chỉ sinh viên mà người đã đi làm cũng có thể tham gia nghe giảng.","N2","6",",173nguphapn2,lesson21,",""
"～にほかならない","まさに～だ・それ以外でない （強調。断定的に述べる時に使う。）:Chính là…, Không gì khác là…","［動・い形・な形・名］の普通形＋にほかならない （ただし［な形］と［名］は［だ］がつかない。［な形－である］［名－である］も使う。理由を表す［から］にもつく。 ）","この手紙は私の正直な気持ちを申し上げたにほかなりません。:Bức thư này không gì khác chính là nói lên tình cảm chân thành của tôi.<br>この仕事が成功したのは皆さんのご協力の結果にほかなりません。:Sự thành công của công việc này chính là kết quả sự cộng tác của các bạn.<br>熱帯雨林が消滅することは、地球の肺がなくなることにほかならない。:Việc rừng nhiệt đới bị hủy diệt chính là sẽ mất đi lá phổi của trái đất.<br>戦争というものは、大量殺人にほかならない。:Chiến tranh không gì khác chính là giết người hàng loạt.<br>5親が子供を叱るのは子供を愛しているからにほかならない。<br>Việc cha mẹ mắng con không gì khác chính là yêu thương con.","N2","7",",173nguphapn2,lesson21,",""
"～もの","～から （理由の説明や言いわけの表現。）:Bởi vì…","［動・い形・な形・名］の普通形＋もの （［です］［ます］に接続する場合もある。 ）","一人で行ける。うん、大丈夫、地図を持っているもの。:Cậu có thể đi một mình chứ? Ừ, không sao đâu vì tớ có bản đồ mà.<br>電話はあしたにしたほうがいいんじゃない。もう遅いもの。:Để đến mai gọi điện chẳng hơn sao. Vì muộn rồi mà.<br>手伝ってあげようか。いいよ。一人でできるもん。:Để tớ giúp cậu nhé. Thôi mà, được rồi, vì tớ làm một mình được mà.<br>多少のいたずらはしかたありませんよ。子供ですもの。:Chúng có nghịch ngợm một chút thì cũng không có cách nào đâu. Vì là trẻ con mà.","N2","8",",173nguphapn2,lesson21,",""
"～ものがある","～という感じがある・～ように感じられる:Có cảm giác…, Có thể càm giác như là…","［動・い形・な形］の名詞修飾型の現在＋ものがある","この絵には人を引きつけるものがある。:Tôi có cảm giác bức tranh này rất lôi cuốn người xem.<br>彼の話にはどこか納得できないものがある。:Trong câu chuyện của anh ấy tôi càm thấy như có gì đó không thể thấu hiểu.<br>仕事がなくて暇すぎるのもつらいものがある。:Tôi có cảm giác việc thất nghiệp và quá nhàn rỗi có gì đó cũng thật cay đắng.<br>彼の話し方にはどこか強引なものがあった。:Tôi có cảm giác cách nói chuyện của anh ta có gì đó miễn cưỡng.","N2","9",",173nguphapn2,lesson21,",""
"～ようがない／～ようもない","～する方法がない・手段がなくて～できない:Không còn phương pháp nào, không còn cách nào, không thể","［動－ます形］＋ようがない","木村さんは今どこにいるのかわからないので、連絡しようがない。:Tôi không biết anh Kimura giờ ở đâu nên không thể liên lạc được.<br>質問の意味がわからなくて、答えようがなかった。:Tôi không hiểu ý nghĩa của câu hỏi nên không thể trả lời được.<br>ここまで壊れてしまった車は直しようがない。:Cái xe đã bị hỏng đến mức này rồi thì không có cách nào chữa nổi.<br>この病気にかかると、今の医学ではどうしようもないらしい。:Nếu mắc bệnh này thì với y học hiện nay không có phương pháp cứu chữa.","N2","10",",173nguphapn2,lesson21,",""
