item,hanviet,kunyomi,onyomi,description,exampleSetID,level,sort,tag,category
"腕","UYỂN","","ワン","","敏腕:sự tài cán,sự khéo léo","N2","1",",jlptkanji,lesson1,",""
"湾","LOAN","いりえ","ワン","","港湾:cảng<br>真珠湾:Trân Châu cảng<br>台湾:Đài Loan<br>湾:vịnh","N2","2",",jlptkanji,lesson1,",""
"和","HÒA, HỌA","やわ.らぐ, やわ.らげる, なご.む, なご.やか","ワ, オ, カ","","英和:Anh - Nhật<br>緩和:sự hòa hoãn,sự nới lỏng,bớt căng thẳng,hoàn hoãn,nới lỏng<br>共和党:đảng cộng hòa","N2","3",",jlptkanji,lesson1,",""
"論","LuẬN","","ロン","","概論:khái luận,tóm tắt<br>議論:sự thảo luận,thảo luận,tranh luận,bàn luận","N2","4",",jlptkanji,lesson1,",""
"録","LỤC","","ロク","","回顧録:hồi ký<br>記録:sự ghi chép,ghi chép,ghi lại,lưu lại<br>議事録:biên bản [protocol,statement]","N2","5",",jlptkanji,lesson1,",""
"老","LÃO","お.いる, ふ.ける","ロウ","","敬老:kính lão,tôn trọng người lớn tuổi,kính lão đắc thọ<br>元老:nguyên lão,trưởng lão,các vị lão thành,lão thành","N2","6",",jlptkanji,lesson1,",""
"労","LAO","ろう.する, いたわ.る, いた.ずき, ねぎら, つか.れる, ねぎら.う","ロウ","","ご苦労様:cám ơn rất nhiều về... <br>過労:sự lao động vất vả,sự mệt mỏi quá sức,lao động quá sức,lao lực quá sức,làm việc quá sức","N2","7",",jlptkanji,lesson1,",""
"路","LỘ","-じ, みち","ロ, ル","","回路:mạch (điện)","N2","8",",jlptkanji,lesson1,",""
"連","LIÊN","つら.なる, つら.ねる, つ.れる, -づ.れ","レン","","一連:trình tự,dãy,chuỗi [sequence] <br>愚連隊:hội đầu gấu,nhóm đầu trộm đuôi cướp,lũ ma cà bông <br>訓連:Sự huấn luyện","N2","9",",jlptkanji,lesson1,",""
"練","LUYỆN","ね.る, ね.り","レン","","熟練:kĩ năng,độ thành thục <br>未練:sự tiếc nuối,sự quyến luyến,sự lưu luyến","N2","10",",jlptkanji,lesson1,",""
"恋","LUYẾN","こ.う, こい, こい.しい","レン","","失恋:sự thất tình <br>初恋:mối tình đầu <br>悲恋:tình yêu mù quáng <br>恋しい:được yêu mến,được yêu quý,được quý mến,yêu dấu <br>恋愛:sự luyến ái,tình yêu","N2","11",",jlptkanji,lesson1,",""
"列","LIỆT","","レツ, レ","","列記:liệt kê <br>系列:hệ thống,loạt,xêri,chuỗi,dãy,hệ <br>後列:cột phía sau,hàng phía sau","N2","12",",jlptkanji,lesson1,",""
"歴","LỊCH","","レキ, レッキ","","学歴:quá trình học hành,bằng cấp <br>経歴:thân thế <br>前歴:tiền sử <br>遍歴:sự đi khắp nơi,sự đi hết nơi này đến nơi khác, giang hồ","N2","13",",jlptkanji,lesson1,",""
"齢","LINH","よわ.い, とし","レイ","","学齢:tuổi đến trường <br>高齢:tuổi cao <br>年齢層:nhóm tuổi,độ tuổi","N2","14",",jlptkanji,lesson1,",""
"零","LINH","ぜろ, こぼ.す, こぼ.れる","レイ","","零:số không <br>零下:dưới không,âm <br>零細:không quan trọng,tầm thường,vặt vãnh <br>零時:không giờ,mười hai giờ đêm","N2","15",",jlptkanji,lesson1,",""
"礼","LỄ","","レイ, ライ","","儀礼:lễ tiết,lễ nghi,nghi thức,phép lịch sự <br>儀礼的:khách sáo","N2","16",",jlptkanji,lesson1,",""
"冷","LÃNH","つめ.たい, ひ.える, ひ.や, ひ.ややか, ひ.やす, ひ.やかす, さ.める, さ.ます","レイ","","花冷え:thời tiết mùa xuân lạnh giá <br>寒冷:rét mướt,lạnh","N2","17",",jlptkanji,lesson1,",""
"例","LỆ","たと.える","レイ","","慣例:có tính lề thói tập quán,tập quán,thói quen","N2","18",",jlptkanji,lesson1,",""
"令","LỆNH","","レイ","","戒厳令:nghiêm lệnh <br>訓令:huấn lệnh,hướng dẫn <br>号令:khẩu lệnh <br>司令:tư lệnh,chỉ huy","N2","19",",jlptkanji,lesson1,",""
"類","LOẠI","たぐ.い","ルイ","","魚貝類:các loại sò cá <br>魚類:loài cá,họ cá <br>穀類:ngũ cốc","N2","20",",jlptkanji,lesson1,",""
"涙","LỤY, LỆ","なみだ","ルイ, レイ","","感涙:nước mắt biết ơn sâu sắc,lệ cảm động,lệ xúc động,rơi nước mắt <br>涙ぐましい:gợi lên lòng thương,cảm động,thống thiết,gợi mối thương tâm,làm mủi lòng,đầy nước mắt <br>涙声:giọng nói sắp khóc,giọng nói nghẹn trong nước mắt","N2","1",",jlptkanji,lesson2,",""
"輪","LUÂN","わ","リン","","花輪:vòng hoa <br>競輪:cuộc đua xe đạp,đua xe đạp <br>三輪車:xe ba bánh","N2","2",",jlptkanji,lesson2,",""
"緑","LỤC","みどり","リョク, ロク","","常緑:cây thường xanh <br>新緑:màu xanh tươi của cây cỏ <br>緑:xanh","N2","3",",jlptkanji,lesson2,",""
"領","LĨNH, LÃNH","","リョウ","","横領:sự tham ô,sự biển thủ <br>綱領:cương lĩnh,kế hoạch chung,hướng dẫn <br>受領:Sự nhận được (thư...), lãnh nhận <br>占領:sự sở hữu <br>総領事:tổng lãnh sự","N2","4",",jlptkanji,lesson2,",""
"量","LƯỢNG","はか.る","リョウ","","雨量:lượng mưa <br>音量:âm lượng [volume] <br>感慨無量:vô cùng xúc động","N2","5",",jlptkanji,lesson2,",""
"良","LƯƠNG","よ.い, -よ.い, い.い, -い.い","リョウ","","改良:sự cải thiện,sự cải tiến <br>最良:sự tốt nhất <br>善良:lương thiện <br>仲良く:quan hệ tốt <br>不良:phẩm chất không tốt,lưu manh,bất lương","N2","6",",jlptkanji,lesson2,",""
"療","LiỆU","","リョウ","","医療:y tế <br>治療:trị liệu,điều trị <br>診療:Sự khám và chữa bệnh,khám và chữa bệnh, sự chẩn đoán,chẩn đoán","N2","7",",jlptkanji,lesson2,",""
"涼","LƯƠNG","すず.しい, すず.む, すず.やか, うす.い, ひや.す, まことに","リョウ","","涼しい:mát mẻ <br>涼風:gió mát","N2","8",",jlptkanji,lesson2,",""
"両","LƯỠNG","てる, ふたつ","リョウ","","両院:hai nghị viện","N2","9",",jlptkanji,lesson2,",""
"了","LIỄU","","リョウ","","完了:sự xong xuôi,sự kết thúc,sự hoàn thành,xong xuôi,kết thúc,hoàn thành <br>修了:sự hoàn thành,sự kết thúc (khóa học) <br>終了:sự kết thúc <br>満了:sự mãn hạn,sự chấm dứt,sự kết thúc","N2","10",",jlptkanji,lesson2,",""
"粒","LẠP","つぶ","リュウ","","素粒子:hạt cơ bản <br>微粒子:phần tử [particle] <br>米粒:hạt gạo <br>粒:hạt,hột <br>粒子:hạt,phần tử","N2","11",",jlptkanji,lesson2,",""
"留","LƯU","と.める, と.まる, とど.める, とど.まる, るうぶる","リュウ, ル","","局留め:nơi thu mua tổng hợp, nơi phân phát (thư từ)","N2","12",",jlptkanji,lesson2,",""
"流","LƯU","なが.れる, なが.れ, なが.す, -なが.す","リュウ, ル","","亜流:người kế nhiệm,người bắt chước,môn đồ <br>一流:theo cách riêng <br>下流:giai cấp thấp nhất,hạ lưu,sự dưới đáy (trong xã hội)","N2","13",",jlptkanji,lesson2,",""
"略","LƯỢC","ほぼ, おか.す, おさ.める, はかりごと, はか.る, はぶ.く, りゃく.す, りゃく.する","リャク","","概略:khái lược,tóm tắt,khái quát,tóm lược,sơ lược <br>簡略:đơn giản,giản lược <br>策略:sách lược <br>省略:giản lược","N2","14",",jlptkanji,lesson2,",""
"率","SUẤT","ひき.いる","ソツ, リツ, シュツ","","確率:xác suất <br>軽率:khinh suất,không suy nghĩ,không cẩn thận,thiếu thận trọng,bất cẩn,hấp tấp,thiếu suy nghĩ <br>効率:năng xuất","N2","15",",jlptkanji,lesson2,",""
"律","LUẬT","","リツ, リチ, レツ","","韻律:vận luật,luật gieo vần <br>戒律:giới luật (nhà Phật),điều răn,điều dạy bảo,lời răn <br>自律:tự trị [autonomous]","N2","16",",jlptkanji,lesson2,",""
"陸","LỤC","おか","リク, ロク","","上陸:sự cho lên bờ,sự lên bộ <br>大陸:lục địa <br>大陸棚:thềm lục địa <br>着陸:hạ cánh,chạm xuống đất","N2","17",",jlptkanji,lesson2,",""
"裏","LÝ","うら","リ","","表裏:ngoại hình và tâm địa <br>舞台:sân khấu <br>裏:trái","N2","18",",jlptkanji,lesson2,",""
"利","LỢI","き.く","リ","","営利:sự kiếm lợi,việc thương mại hoá <br>鋭利:sắc bén <br>金利:tiền lời <br>権利:quyền lợi,đặc quyền,đặc lợi,quyền","N2","19",",jlptkanji,lesson2,",""
"卵","NÕAN","たまご","ラン","","鶏卵:trứng gà <br>産卵:sự đẻ trứng,đẻ trứng <br>生卵:Trứng tươi,trứng sống","N2","20",",jlptkanji,lesson2,",""
"乱","LOẠN","みだ.れる, みだ.る, みだ.す, みだ, おさ.める, わた.る","ラン, ロン","","狂乱:sự mãnh liệt,sự mạnh mẽ,sự kinh khủng,sự cuồng loạn <br>混乱:loạn lạc <br>咲き乱れる:nở rộ","N2","1",",jlptkanji,lesson3,",""
"落","LẠC","お.ちる, お.ち, お.とす","ラク","","一段落:sự tạm dừng <br>下落:sụt [fall]","N2","2",",jlptkanji,lesson3,",""
"絡","LẠC","から.む, から.まる","ラク","","短絡:đoản mạch [short circuit] <br>脈絡:sự mạch lạc,sự lôgic <br>絡む:liên quan","N2","3",",jlptkanji,lesson3,",""
"頼","LẠI","たの.む, たの.もしい, たよ.る","ライ","","依頼:sự nhờ vả,sự yêu cầu,sự phụ thuộc,thỉnh cầu <br>信頼:đức tin <br>信頼性:tính đáng tin cậy [reliability (SMP)]","N2","4",",jlptkanji,lesson3,",""
"翌","DỰC","","ヨク","","翌週:tuần tới,tuần sau <br>翌日:ngày sau <br>翌年:năm sau,năm tiếp theo <br>翌朝:sáng hôm sau","N2","5",",jlptkanji,lesson3,",""
"浴","DỤC","あ.びる, あ.びせる","ヨク","","海水浴:sự tắm biển <br>海水浴場:nơi tắm nước biển,bồn tắm nước biển <br>日光浴:sự tắm nắng <br>入浴:việc tắm táp <br>浴:dung dịch [bath]","N2","6",",jlptkanji,lesson3,",""
"欲","DỤC","ほっ.する, ほ.しい","ヨク","","欲:sự mong muốn,sự tham lam <br>欲しい:muốn,mong muốn <br>欲する:muốn,mong muốn,khát khao,thèm muốn <br>欲求:sự khao khát,sự mong mỏi,sự yêu cầu,sự mong muốn","N2","7",",jlptkanji,lesson3,",""
"陽","DƯƠNG","ひ","ヨウ","","斜陽:mặt trời về chiều <br>太陽:thái dương,mặt trời <br>陽気:thảnh thơi,thoải mái,sảng khoái","N2","8",",jlptkanji,lesson3,",""
"踊","DŨNG","おど.る","ヨウ","","舞踊:vũ khúc <br>盆踊り:lễ Ô bôn,lễ Ô bông <br>踊り:sự nhảy múa,múa <br>踊り子:gái nhảy <br>踊り場:vũ trường,phòng nhảy","N2","9",",jlptkanji,lesson3,",""
"要","YÊU, YẾU","い.る","ヨウ","","概要:Phác thảo,tóm lược,khái yếu,khái quát <br>肝要:rất cần thiết,rất quan trọng,cần thiết,quan trọng <br>強要:sự ép buộc,ép buộc,buộc,ép,cưỡng chế <br>主要:chủ yếu,quan trọng","N2","10",",jlptkanji,lesson3,",""
"葉","DIỆP","は","ヨウ","","一葉:cây đuôi chồn,một chiếc lá <br>言葉:từ ngữ,lời nói,lời <br>言葉遣い:cách sử dụng từ ngữ,cách dùng từ,lời ăn tiếng nói <br>若葉:lá non","N2","11",",jlptkanji,lesson3,",""
"溶","DUNG","と.ける, と.かす, と.く","ヨウ","","水溶性:sự hòa tan trong nước,hòa tan trong nước <br>溶かす:làm nóng chảy bằng nhiệt <br>溶液:dung dịch <br>溶解:sự dung giải,sự nóng chảy","N2","12",",jlptkanji,lesson3,",""
"様","DẠNG","さま, さん","ヨウ, ショウ","","ご苦労様:cám ơn rất nhiều về... <br>一様:đồng lòng <br>奥様:vợ (ngài),bà nhà <br>王様:vua","N2","13",",jlptkanji,lesson3,",""
"容","DUNG","い.れる","ヨウ","","寛容:sự  khoan dung,sự độ lượng,rộng lượng,khoan dung <br>許容:sự khoan dung,sự độ lượng,khoan dung,độ lượng <br>形容:hình dáng,dáng vẻ,sự hình dung,sự mô tả,sự miêu tả,hình dung,mô tả,miêu tả <br>形容詞:hình dung từ","N2","14",",jlptkanji,lesson3,",""
"幼","ẤU","おさな.い","ヨウ","","乳幼児:Hài nhi,trẻ con,trẻ sơ sinh <br>幼子:đứa trẻ <br>幼児:trẻ con,đứa trẻ","N2","15",",jlptkanji,lesson3,",""
"預","DỰ","あず.ける, あず.かる","ヨ","","預かる:trông nom,canh giữ,chăm sóc <br>預ける:giao cho,giao phó,gửi","N2","16",",jlptkanji,lesson3,",""
"与","DƯ, DỰ","あた.える, あずか.る, くみ.する, ともに","ヨ","","関与:sự tham dự,tham dự,sự tham gia,sự liên quan,liên quan <br>給与:tiền lương,lương,tiền công <br>供与:sự cung ứng,sự cung cấp,cung ứng,cung cấp,cấp","N2","17",",jlptkanji,lesson3,",""
"余","DƯ","あま.る, あま.り, あま.す, あんま.り","ヨ","","剰余金:số tiền thặng dư,tiền thặng dư <br>余波:hậu quả <br>余す:để thừa","N2","18",",jlptkanji,lesson3,",""
"予","DƯ","あらかじ.め","ヨ, シャ","","執行猶予:việc hoãn thi hành hình phạt,hoãn thi hành hình phạt <br>猶予:sự trì hoãn,sự để chậm lại,sự hoãn lại <br>予感:linh tính <br>予期:sự dự đoán trước","N2","19",",jlptkanji,lesson3,",""
"郵","BƯU","","ユウ","","郵送:thư từ,thư tín <br>郵便為替:thư chuyển tiền [mail transfer] <br>郵便局:bưu điện <br>郵便:bưu điện,dịch vụ bưu điện","N2","20",",jlptkanji,lesson3,",""
"遊","DU","あそ.ぶ, あそ.ばす","ユウ, ユ","","火遊び:trò chơi với lửa,sự đùa với tình yêu <br>外遊:sự du lịch nước ngoài,du lịch nước ngoài,đi ra nước ngoài,công tác nước ngoài","N2","1",",jlptkanji,lesson4,",""
"由","DO","よし, よ.る","ユ, ユウ, ユイ","","経由:sự thông qua đường,việc nhờ đường,sự thông qua (thủ tục) <br>事由:nguyên nhân <br>自由:sự tự do","N2","2",",jlptkanji,lesson4,",""
"勇","DŨNG","いさ.む","ユウ","","蛮勇:hữu dũng vô mưu <br>武勇:sự dũng cảm <br>勇ましい:dũng cảm,cam đảm,anh dũng <br>勇み足:tính hấp tấp,tính cẩu thả,tính vội vàng,sự cầm đèn chạy trước ô tô","N2","3",",jlptkanji,lesson4,",""
"優","ƯU","やさ.しい, すぐ.れる, まさ.る","ユウ, ウ","","女優:nữ tài tử <br>俳優:tài tử <br>優しい:từ tâm","N2","4",",jlptkanji,lesson4,",""
"輸","DU","","ユ, シュ","","運輸:sự vận tải,sự chuyên chở,sự vận chuyển <br>運輸省:bộ vận tải,bộ giao thông vận tải <br>逆輸入:tái nhập khẩu [reimport] <br>禁輸:cấm xuất nhập khẩu [embargo] <br>空輸:vận chuyển bằng đường hàng không,vận tải hàng không,không vận","N2","5",",jlptkanji,lesson4,",""
"油","DU","あぶら","ユ, ユウ","","給油:sự cấp dầu [lubrication] <br>軽油:dầu nhẹ [light oil] <br>原油:dầu thô,dầu mỏ","N2","6",",jlptkanji,lesson4,",""
"約","ƯỚC","","ヤク","","違約:vi phạm hợp đồng <br>解約:sự hủy ước,sự hủy bỏ hợp đồng,hủy hợp đồng,hủy <br>確約:lời hứa chắc chắn,cam kết,hứa chắc <br>規約:quy ước,quy định,quy tắc <br>旧約:điều ước xưa,lời hứa xưa,kinh thánh xưa","N2","7",",jlptkanji,lesson4,",""
"役","DỊCH","","ヤク, エキ","","悪役:Kẻ côn đồ,vai phản diện trong kịch kabuki,nhân vật phản diện,vai phản diện,kẻ xấu <br>監査役:thành viên Ban kiểm soát <br>区役所:trụ sở hành chính khu vực","N2","8",",jlptkanji,lesson4,",""
"戻","LỆ","もど.す, もど.る","レイ","","引戻す:kéo về,đón về <br>逆戻り:sự trở lại,sự quay lại,sự tái phát,trở lại,quay lại,quay trở lại <br>呼び戻す:gọi về,gọi lại,gọi về chỗ cũ <br>後戻り:sự rút lui,sự quay về theo lối cũ,đảo ngược tình thế","N2","9",",jlptkanji,lesson4,",""
"毛","MAO","け","モウ","","育毛剤:thuốc mọc tóc <br>羽毛:lông vũ,lông cánh <br>脱毛:rụng tóc <br>髪の毛:sợi tóc,tóc,mái tóc","N2","10",",jlptkanji,lesson4,",""
"面","DIỆN","おも, おもて, つら","メン, ベン","","一面:trang nhất (của tờ báo) <br>仮面:mặt nạ,sự ngụy trang,lớp mạ <br>画面:màn hình,màn ảnh <br>海面:mặt biển <br>外面:bộ diện","N2","11",",jlptkanji,lesson4,",""
"綿","MIÊN","わた","メン","","綿:bông,tơ sống <br>綿布:vải bông <br>綿密:cẩn thận,tỉ mỉ,chi tiết,kỹ lưỡng <br>木綿:bông,cốt tông,cô-tông <br>石綿:amiăng,thạch miên [asbestos]","N2","12",",jlptkanji,lesson4,",""
"鳴","MINH","な.く, な.る, な.らす","メイ","","共鳴:sự đồng cảm,sự cộng hưởng,đồng cảm,cộng hưởng <br>怒鳴る:gào lên,hét lên <br>悲鳴:tiếng kêu gào,tiếng la hét,tiếng la hét inh tai <br>鳴き声:tiếng kêu (của chim, thú, các con vật),tiếng hót","N2","13",",jlptkanji,lesson4,",""
"迷","MÊ","まよ.う","メイ","","低迷:sự mờ mịt <br>迷宮:mê cung <br>迷彩:sự ngụy trang","N2","14",",jlptkanji,lesson4,",""
"命","MẠNG, MỆNH","いのち","メイ, ミョウ","","運命:tiền định <br>革命:cách mệnh","N2","15",",jlptkanji,lesson4,",""
"娘","NƯƠNG","むすめ, こ","ジョウ","","一人娘:người con gái duy nhất <br>孫娘:cháu gái <br>娘:con gái <br>娘婿:con gái nuôi","N2","16",",jlptkanji,lesson4,",""
"無","VÔ","な.い","ム, ブ","","皆無:không có gì,con số không,vô nghĩa,không hề <br>感慨無量:vô cùng xúc động <br>間も無く:sắp,chẳng bao lâu nữa,sắp sửa,suýt <br>虚無:hư vô,sự hư vô,trống rỗng,trống trải","N2","17",",jlptkanji,lesson4,",""
"夢","MỘNG","ゆめ, ゆめ.みる, くら.い","ム, ボウ","","悪夢:ác mộng,giấc mơ hãi hùng <br>初夢:giấc mơ đầu tiên trong năm <br>夢:chiêm bao <br>夢にも:ngay cả trong mơ <br>夢見る:giấc mộng","N2","18",",jlptkanji,lesson4,",""
"務","VỤ","つと.める","ム","","外務:công việc ngoại giao,sự ngoại giao <br>外務省:bộ ngoại thương <br>義務:trách","N2","19",",jlptkanji,lesson4,",""
"眠","MIÊN","ねむ.る, ねむ.い","ミン","","安眠:giấc ngủ nhẹ nhàng,ngủ say,ngủ yên,ngủ ngon <br>居眠り:sự ngủ gật <br>催眠:sự thôi miên","N2","20",",jlptkanji,lesson4,",""
"未","VỊ, MÙI","いま.だ, ま.だ, ひつじ","ミ, ビ","","前代未聞:việc chưa từng nghe thấy,chưa có tiền lệ,chưa từng có trong lịch sử,sự phá vỡ kỷ lục <br>未開:thuộc vùng hoang dã,thuộc vùng lạc hậu,chưa được khai hoá,không văn minh","N2","1",",jlptkanji,lesson5,",""
"満","MÃN","み.ちる, み.つ, み.たす","マン, バン","","円満:sự viên mãn,sự đầy đủ,sự trọn vẹn, sự êm đẹp <br>干満:nước triều lên xuống,thủy triều <br>充満:viên mãn <br>肥満:béo","N2","2",",jlptkanji,lesson5,",""
"末","MẠT","すえ","マツ, バツ","","巻末:Cuối quyển sách, Đoạn cuối cuốn sách <br>期末:cuối kỳ,hết thời kỳ,hết học kỳ <br>結末:kết thúc,phần cuối,cuối cùng <br>月末:cuối tháng","N2","3",",jlptkanji,lesson5,",""
"枚","MAI","","マイ, バイ","","枚数: số tờ,số tấm<br>枚挙: sự đếm,sự liệt kê,bảng liệt kê<br>大枚: rất nhiều tiền,một xấp lớn tiền","N2","4",",jlptkanji,lesson5,",""
"埋","MAI","う.める, う.まる, う.もれる, うず.める, うず.まる, い.ける","マイ","","穴埋め:biện pháp tạm thời,biện pháp lấp chỗ trống [stopgap measure] <br>埋める:chôn lấp <br>埋め立てる:lấp đất <br>埋もれる:vùi <br>埋葬:mai táng","N2","5",",jlptkanji,lesson5,",""
"磨","MA","みが.く, す.る","マ","","達磨:Daruma <br>歯磨き:sự cà răng,sự chải răng,sự đánh răng","N2","6",",jlptkanji,lesson5,",""
"防","PHÒNG","ふせ.ぐ","ボウ","","攻防:sự tấn công và phòng ngự,việc tấn công và phòng ngự,tấn công và phòng ngự <br>国防:quốc phòng,sự quốc phòng <br>酸化防止剤:chất chống oxy hóa [anti oxidant] <br>消防:sự cứu hoả,sự phòng cháy chữa cháy","N2","7",",jlptkanji,lesson5,",""
"貿","MẬU","","ボウ","","貿易:thương mại","N2","8",",jlptkanji,lesson5,",""
"棒","BỔNG","","ボウ","","相棒:bên cùng cộng tác,bạn thân,kẻ tòng phạm,kẻ đồng loã,đối tác,đồng bọn <br>鉄棒:xà (trong môn thể dục)","N2","9",",jlptkanji,lesson5,",""
"望","VỌNG","のぞ.む, もち","ボウ, モウ","","渇望:sự thèm muốn,sự khao khát <br>志望:ước muốn,khát vọng,hoài bão, nguyện vọng <br>失望:thất vọng","N2","10",",jlptkanji,lesson5,",""
"暴","BẠO, BỘC","あば.く, あば.れる","ボウ, バク","","粗暴:sự thô bạo <br>暴れる:nổi giận,nổi xung,làm ầm ĩ lên","N2","11",",jlptkanji,lesson5,",""
"忙","MANG","いそが.しい, せわ.しい, おそ.れる, うれえるさま","ボウ, モウ","","多忙:rất bận,bận rộn <br>忙しい:bận <br>繁忙:bận rộn","N2","12",",jlptkanji,lesson5,",""
"忘","VONG","わす.れる","ボウ","","忘れ物:đồ bị bỏ quên,vật bị bỏ quên <br>忘却:sự lãng quên <br>忘年会:hội cuối năm,hội kết thúc hàng năm,bữa tiệc cuối năm,bữa tiệc tổng kết cuối năm <br>忘れ去る:bỏ tiền","N2","13",",jlptkanji,lesson5,",""
"帽","MẠO","ずきん, おお.う","ボウ, モウ","","帽子:mũ,nón","N2","14",",jlptkanji,lesson5,",""
"坊","PHƯỜNG","","ボウ, ボッ","","赤ん坊:em bé sơ sinh <br>朝寝坊:dậy muộn (vào buổi sáng) <br>坊さん:hòa thượng","N2","15",",jlptkanji,lesson5,",""
"亡","VONG","な.い, な.き-, ほろ.びる, ほろ.ぶ, ほろ.ぼす","ボウ, モウ","","死亡:sự tử vong, chết <br>死亡者:người bị chết,người tử vong <br>逃亡:sự chạy trốn,sự bỏ chạy","N2","16",",jlptkanji,lesson5,",""
"豊","PHONG","ゆた.か, とよ","ホウ, ブ","","豊か:phong phú,dư dật,giàu có <br>豊漁:sự bắt được nhiều cá,sự nặng lưới <br>豊作:mùa màng bội thu <br>豊年:năm được mùa <br>豊富:phong phú,giàu có","N2","17",",jlptkanji,lesson5,",""
"訪","PHỎNG, PHÓNG","おとず.れる, たず.ねる, と.う","ホウ","","探訪:phóng sự điều tra,nhà báo viết phóng sự điều tra <br>訪ねる:viếng thăm <br>訪れる:ghé thăm,thăm,ghé chơi <br>訪日:chuyến thăm Nhật Bản","N2","18",",jlptkanji,lesson5,",""
"法","PHÁP","のり","ホウ, ハッ, ホッ, フラン","","悪法:luật không nghiêm,luật tồi [bad laws] <br>違法:trái phép <br>遠近法:luật xa gần (trong hội hoạ),luật phối cảnh (trong hội hoạ)","N2","19",",jlptkanji,lesson5,",""
"放","PHÓNG","はな.す, -っぱな.し, はな.つ, はな.れる, こ.く, ほう.る","ホウ","","解放:sự giải phóng,giải phóng,thoát khỏi <br>開放:sự mở cửa,sự tự do hoá <br>豪放:hào phóng <br>釈放:sự phóng thích","N2","20",",jlptkanji,lesson5,",""
"抱","BÃO","だ.く, いだ.く, かか.える","ホウ","","辛抱:sự kiên nhẫn,sự chịu đựng <br>抱える:bao tử <br>抱き合う:ôm nhau","N2","1",",jlptkanji,lesson6,",""
"宝","BẢO","たから","ホウ","","国宝:quốc bảo,kho báu của quốc gia <br>財宝:bảo bối <br>七宝:thất bửu","N2","2",",jlptkanji,lesson6,",""
"報","BÁO","むく.いる","ホウ","","会報:bản tin [bulletin] <br>官報:văn phòng thủ tướng <br>吉報:tin vui,tin thắng trận","N2","3",",jlptkanji,lesson6,",""
"包","BAO","つつ.む, くる.む","ホウ","","内包:Sự bao hàm,sự nội hàm <br>包み:sự đóng gói,sự gói bọc <br>包囲:sự bao vây","N2","4",",jlptkanji,lesson6,",""
"暮","MỘ","く.れる, く.らす","ボ","","歳暮:năm hết Tết đến <br>日暮れ:lúc chạng vạng,lúc chiều tà,lúc xế tà,khi về chiều,lúc mặt trời lặn <br>年の暮れ:Cuối năm <br>暮らし:cuộc sống,việc sinh sống,sinh kế","N2","5",",jlptkanji,lesson6,",""
"募","MỘ","つの.る","ボ","","応募:đăng ký,ứng tuyển <br>公募:sự tuyển dụng,sự thu hút rộng rãi,thu hút,huy động,phát hành <br>募る:trưng cầu <br>募金:sự quyên tiền","N2","6",",jlptkanji,lesson6,",""
"補","BỔ","おぎな.う","ホ","","候補:sự ứng cử,ứng cử <br>補う:đền bù,bù,bổ sung <br>補給:sự cho thêm,sự bổ sung <br>補強:sự tăng cường,sự gia cố","N2","7",",jlptkanji,lesson6,",""
"捕","BỘ","と.らえる, と.らわれる, と.る, とら.える, とら.われる, つか.まえる, つか.まる","ホ","","逮捕:bắt bỏ tù <br>捕まる:bắt","N2","8",",jlptkanji,lesson6,",""
"保","BẢO","たも.つ","ホ, ホウ","","火災保険:bảo hiểm hỏa hoạn <br>確保:sự bảo hộ,sự bảo đảm,sự cam đoan,sự bảo vệ","N2","9",",jlptkanji,lesson6,",""
"返","PHẢN","かえ.す, -かえ.す, かえ.る, -かえ.る","ヘン","","引返す:lặp đi lặp lại <br>恩返し:trả ơn,tạ ơn,cảm tạ công ơn,bày tỏ lòng cảm ơn <br>繰返す:láy","N2","10",",jlptkanji,lesson6,",""
"辺","BIÊN","あた.り, ほと.り, -べ","ヘン","","右辺:miền bên phải [right-hand side] <br>海辺:bãi biển <br>岸辺:dải đất dọc theo hai bờ sông,bờ sông","N2","11",",jlptkanji,lesson6,",""
"編","BIÊN","あ.む, -あ.み","ヘン","","再編:sự tổ chức lại [reorganization] <br>続編:tập tiếp theo","N2","12",",jlptkanji,lesson6,",""
"片","PHIẾN","かた-, かた","ヘン","","断片:mảnh,mảnh vỡ,phần rời rạc <br>破片:mảnh vụn,mảnh vỡ","N2","13",",jlptkanji,lesson6,",""
"変","BiẾN","か.わる, か.わり, か.える","ヘン","","可変:(toán học) biến số <br>改変:sự thay đổi,sự biến đổi,thay đổi,biến đổi","N2","14",",jlptkanji,lesson6,",""
"壁","BÍCH","かべ","ヘキ","","岸壁:vách đá,bờ vách,ke,cầu cảng <br>障壁:tường vách,vách ngăn, hàng rào, rào cản, chướng ngại vật <br>城壁:thành trì","N2","15",",jlptkanji,lesson6,",""
"米","MỄ","こめ, よね","ベイ, マイ, メエトル","","外米:gạo nước ngoài <br>玄米:gạo lứt,gạo chưa xay xát,thóc <br>古米:lúa cũ <br>新米:người mới vào nghề,người tập sự","N2","16",",jlptkanji,lesson6,",""
"閉","BẾ","と.じる, と.ざす, し.める, し.まる, た.てる","ヘイ","","開閉:sự đóng và mở,đóng mở <br>自閉症:bệnh tự kỷ,bệnh tự kỷ ám thị <br>閉ざす:ngăn lại,làm tắc lại <br>閉じる:che","N2","17",",jlptkanji,lesson6,",""
"並","BÍNH","な.み, なら.べる, なら.ぶ, なら.びに","ヘイ, ホウ","","軒並:dãy nhà sát nhau,nhà liền tường liền mái với nhau,nhà cửa san sát <br>足並み:Bước chân,sải chân,Bước đi,bước tiến hành,Từng bước một","N2","18",",jlptkanji,lesson6,",""
"平","BÌNH","たい.ら, -だいら, ひら, ひら-","ヘイ, ビョウ, ヒョウ","","公平:công bình,công bằng <br>水平:lính thủy <br>水平線:phương trời <br>太平洋:thái bình dương","N2","19",",jlptkanji,lesson6,",""
"兵","BINH","つわもの","ヘイ, ヒョウ","","衛兵:vệ binh <br>化学兵器:vũ khí hóa học <br>海兵:Lính thủy,hải quân <br>海兵隊:Đội lính thủy,Đội lính hải quân,Đội hải quân hoàng gia <br>核兵器:vũ khí hạt nhân","N2","20",",jlptkanji,lesson6,",""
"粉","PHẤN","こ, こな","フン, デシメートル","","花粉:phấn hoa <br>小麦粉:bột mì","N2","1",",jlptkanji,lesson7,",""
"仏","PHẬT","ほとけ","ブツ, フツ","","石仏:tượng phật bằng đá <br>大仏:bức tượng phật lớn (ở Kamakura) <br>念仏:niệm phật","N2","2",",jlptkanji,lesson7,",""
"沸","PHỊ","わ.く, わ.かす","フツ","","湯沸かし器:ấm đun nước <br>沸かす:đun <br>沸騰:sắp sôi,sủi tăm","N2","3",",jlptkanji,lesson7,",""
"払","PHẤT","はら.う, -はら.い, -ばら.い","フツ, ヒツ, ホツ","","後払い:tiền trả sau [after payment,deferred payment,payment forward] <br>支払う:trả <br>酔っ払う:say rượu","N2","4",",jlptkanji,lesson7,",""
"複","PHỨC","","フク","","複合:sự phức hợp,sự phức tạp <br>複雑:phức tạp","N2","5",",jlptkanji,lesson7,",""
"腹","PHÚC","はら","フク","","空腹:đói,đói meo <br>山腹:sườn núi <br>切腹:sự mổ bụng tự sát,sự mổ bụng moi ruột","N2","6",",jlptkanji,lesson7,",""
"福","PHÚC","","フク","","幸福:hạnh phúc,sự sung sướng,sung sướng,niềm hạnh phúc <br>七福神:7 vị thần may mắn,bảy Phúc thần <br>社会福祉:phúc lợi xã hội <br>祝福:sự chúc phúc,sự chúc mừng","N2","7",",jlptkanji,lesson7,",""
"幅","BỨC","はば","フク","","横幅:chiều ngang <br>振幅:Độ rộng (của chấn động), khoảng rung lắc,biên độ rung lắc <br>全幅:chiều rộng tổng thể","N2","8",",jlptkanji,lesson7,",""
"復","PHỤC","また","フク","","往復:sự khứ hồi,việc cả đi cả về <br>復活:sự sống lại,sự phục hồi,sự phục hưng,sự tái sinh","N2","9",",jlptkanji,lesson7,",""
"副","PHÓ","","フク","","副業:tạp kỹ <br>副作用:tác dụng phụ <br>副産物:sản phẩm phụ <br>副社長:phó giám đốc","N2","10",",jlptkanji,lesson7,",""
"封","PHONG","","フウ, ホウ","","開封:thư không niêm phong,việc mở dấu niêm phong,mở thư,bóc tem,bóc thư,mở <br>同封:sự gửi kèm theo <br>封:thư <br>封印:niêm phong","N2","11",",jlptkanji,lesson7,",""
"部","BỘ","-べ","ブ","","一部:một phần <br>一部分:một bộ phận,một phần","N2","12",",jlptkanji,lesson7,",""
"舞","VŨ","ま.う, -ま.う, まい","ブ","","歌舞伎:ca vũ kịch,Kabuki,kịch kabuki <br>見舞う:đi thăm người ốm <br>鼓舞:sự cổ vũ,sự khích lệ,cổ vũ,khích lệ,động viên","N2","13",",jlptkanji,lesson7,",""
"武","VÕ, VŨ","たけ.し","ブ, ム","","武官:quân hàm <br>武器:vũ khí","N2","14",",jlptkanji,lesson7,",""
"負","PHỤ","ま.ける, ま.かす, お.う","フ","","自負:tính kiêu ngạo,tính tự phụ <br>勝負:sự thắng hay thua,cuộc thi đấu, hiệp","N2","15",",jlptkanji,lesson7,",""
"膚","PHU","はだ","フ","","皮膚:da <br>皮膚病:bệnh ngoài da <br>膚寒い:Lạnh lẽo","N2","16",",jlptkanji,lesson7,",""
"符","PHÙ","","フ","","音符:nốt nhạc <br>疑問符:dấu hỏi <br>終止符:điểm kết thúc <br>切符:vé","N2","17",",jlptkanji,lesson7,",""
"浮","PHÙ","う.く, う.かれる, う.かぶ, む, う.かべる","フ","","浮かび上がる:nổi lên <br>浮かべる:thả trôi,làm nổi lên,biểu lộ,bày tỏ,mường tượng <br>浮き:phao","N2","18",",jlptkanji,lesson7,",""
"普","PHỔ","あまね.く, あまねし","フ","","普:nói chung,đại thể <br>普及:sự phổ cập <br>普段:bình thường,thông thường,thường thường,đều đặn,thường xuyên <br>普通:tầm thường","N2","19",",jlptkanji,lesson7,",""
"怖","BỐ","こわ.い, こわ.がる, お.じる, おそ.れる","フ, ホ","","恐怖:khủng bố <br>恐怖症:bệnh sợ,bệnh khủng hoảng,bệnh ám ảnh,bệnh sợ hãi","N2","20",",jlptkanji,lesson7,",""